"name_en","file_name","file","sheet_number","sheet_number_extension","layer","dropbox_link","year","bbox[0]","bbox[1]","bbox[2]","bbox[3]"
"Rafah","07-07-Rafah.jpg","","07-07","","Palestine, 1:20,000, 1940s","https://www.dropbox.com/sh/qos20k3m2np6a7y/AACFs4ehLAUL-CNdcGxS-bR4a/07-07-Rafah.jpg?dl=1","1931","34.16069683","31.21730795","34.26650076","31.30853294"
"Rafah","07-07.1943-Rafah.jpg","","07-07","","Palestine, 1:20,000, 1940s","https://www.dropbox.com/sh/qos20k3m2np6a7y/AAAxjAitAqUq5poLBRBl9lDQa/07-07.1943-Rafah.jpg?dl=1","1943","34.16245861","31.21754064","34.26650077","31.30853294"
"Tell Rafah","07-08-Tell Rafah.jpg","","07-08","","Palestine, 1:20,000, 1940s","https://www.dropbox.com/sh/qos20k3m2np6a7y/AAAU3EPQP3J18Cl32Fjkw_47a/07-08-Tell%20Rafah.jpg?dl=1","1942","34.16146002","31.30771649","34.26559793","31.39871037"
"Kirbal El Adas","08-07-Kirbal El Adas.jpg","","08-07","","Palestine, 1:20,000, 1940s","https://www.dropbox.com/sh/qos20k3m2np6a7y/AAD99TTGB6SOPWGV__7ntI6za/08-07-Kirbal%20El%20Adas.jpg?dl=1","1931","34.26739956","31.21835422","34.37154322","31.30926348"
"Kirbal El Adas","08-07.1942-Kirbal El Adas.jpg","","08-07","","Palestine, 1:20,000, 1940s","https://www.dropbox.com/sh/qos20k3m2np6a7y/AADnmNgTYpUFweZeNWsYGLtOa/08-07.1942-Kirbal%20El%20Adas.jpg?dl=1","1942","34.26739956","31.21835422","34.37154322","31.30926348"
"Kirbal El Adas","08-07.1944-Kirbal El Adas.jpg","","08-07","","Palestine, 1:20,000, 1940s","https://www.dropbox.com/sh/qos20k3m2np6a7y/AABTTEKZGFsh2dsXjGmzjX51a/08-07.1944-Kirbal%20El%20Adas.jpg?dl=1","1944","34.26739956","31.21835422","34.37154322","31.30926348"
"Khan Yunis","08-08-Khan Yunis.jpg","","08-08","","Palestine, 1:20,000, 1940s","https://www.dropbox.com/sh/qos20k3m2np6a7y/AAAMfhqmGknKZPaevMgEG3F5a/08-08-Khan%20Yunis.jpg?dl=1","1931","34.26650077","31.30853294","34.37074065","31.39944349"
"Khan Yunis","08-08.1942-Khan Yunis.jpg","","08-08","","Palestine, 1:20,000, 1940s","https://www.dropbox.com/sh/qos20k3m2np6a7y/AABHWnWWdgIxncX5bfiLYWIWa/08-08.1942-Khan%20Yunis.jpg?dl=1","1942","34.26650077","31.30853294","34.37074065","31.39944349"
"Deir El Balah","08-09-Deir El Balah.jpg","","08-09","","Palestine, 1:20,000, 1940s","https://www.dropbox.com/sh/qos20k3m2np6a7y/AACWsDfx1fZHZf8hnoqwL49da/08-09-Deir%20El%20Balah.jpg?dl=1","1931","34.26559793","31.39871037","34.36993447","31.48962221"
"Deir El Balah","08-09.1942-Deir El Balah.jpg","","08-09","","Palestine, 1:20,000, 1940s","https://www.dropbox.com/sh/qos20k3m2np6a7y/AABq8QF60rF0MJiJ7pV2hOGGa/08-09.1942-Deir%20El%20Balah.jpg?dl=1","1942","34.26559793","31.39871037","34.36993447","31.48962221"
"Esh Sh Nuran","09-07-Esh Sh Nuran.jpg","","09-07","","Palestine, 1:20,000, 1940s","https://www.dropbox.com/sh/qos20k3m2np6a7y/AACz-hjG84D45MYv1pgMgMzSa/09-07-Esh%20Sh%20Nuran.jpg?dl=1","1946","34.3723422","31.21908219","34.4765872","31.3099081"
"Tell Jamma","09-08-Tell Jamma.jpg","","09-08","","Palestine, 1:20,000, 1940s","https://www.dropbox.com/sh/qos20k3m2np6a7y/AAAjf2h748ACsKbzqnb4SdXta/09-08-Tell%20Jamma.jpg?dl=1","1931","34.37154322","31.30926348","34.4758849","31.40009038"
"Tell Jamma","09-08.1942-Tell Jamma.jpg","","09-08","","Palestine, 1:20,000, 1940s","https://www.dropbox.com/sh/qos20k3m2np6a7y/AACLe7H-jXYc9LiKWc2I0Xyya/09-08.1942-Tell%20Jamma.jpg?dl=1","1942","34.37154322","31.30926348","34.4758849","31.40009038"
"Tell Jamma","09-08.45-49-Tell Jamma.jpg","","09-08","","Palestine, 1:20,000, 1940s","https://www.dropbox.com/sh/qos20k3m2np6a7y/AACSG8VNn45IWS8Li4dCyNl4a/09-08.45-49-Tell%20Jamma.jpg?dl=1","1949","34.37154322","31.30926348","34.4758849","31.40009038"
"Wadi Gaza","09-09-Wadi Gaza.jpg","","09-09","","Palestine, 1:20,000, 1940s","https://www.dropbox.com/sh/qos20k3m2np6a7y/AACV59arWO8ml3Zg9hw2cJsva/09-09-Wadi%20Gaza.jpg?dl=1","1931","34.37074065","31.39944349","34.47517945","31.49027138"
"Wadi Gaza","09-09.1942-Wadi Gaza.jpg","","09-09","","Palestine, 1:20,000, 1940s","https://www.dropbox.com/sh/qos20k3m2np6a7y/AABz22RC9zqLR_w5f_uVlzjia/09-09.1942-Wadi%20Gaza.jpg?dl=1","1942","34.37074065","31.39944349","34.47517945","31.49027138"
"Wadi Gaza","09-09.45-48-Wadi Gaza.jpg","","09-09","","Palestine, 1:20,000, 1940s","https://www.dropbox.com/sh/qos20k3m2np6a7y/AACnVjjUNJF6EK_BUYZ4ahkua/09-09.45-48-Wadi%20Gaza.jpg?dl=1","1948","34.37074065","31.39944349","34.47517945","31.49027138"
"Gaza","09-10-Gaza.jpg","","09-10","","Palestine, 1:20,000, 1940s","https://www.dropbox.com/sh/qos20k3m2np6a7y/AABb6QH7oitu-FAPC1puweJVa/09-10-Gaza.jpg?dl=1","1931","34.36993447","31.48962221","34.47447081","31.58045109"
"Gaza","09-10.1943-Gaza.jpg","","09-10","","Palestine, 1:20,000, 1940s","https://www.dropbox.com/sh/qos20k3m2np6a7y/AACh69DszW37yFHgCs_CIasJa/09-10.1943-Gaza.jpg?dl=1","1943","34.36993447","31.48962221","34.47447081","31.58045109"
"Gaza","09-10.46-48-Gaza.jpg","","09-10","","Palestine, 1:20,000, 1940s","https://www.dropbox.com/sh/qos20k3m2np6a7y/AADRj7slLe2SC6_ysGgPs3dva/09-10.46-48-Gaza.jpg?dl=1","1948","34.36993447","31.48962221","34.47447081","31.58045109"
"Khirbat El Far","10-07-Khirbat El Far.jpg","","10-07","","Palestine, 1:20,000, 1940s","https://www.dropbox.com/sh/qos20k3m2np6a7y/AABVlBE8SUVHhNlOk3GYJpC0a/10-07-Khirbat%20El%20Far.jpg?dl=1","1946","34.47728635","31.21972454","34.58163251","31.31046679"
"El Imara","10-08-El Imara.jpg","","10-08","","Palestine, 1:20,000, 1940s","https://www.dropbox.com/sh/qos20k3m2np6a7y/AABksiPr2BSHwPwMLh89Ln4ya/10-08-El%20Imara.jpg?dl=1","1946","34.4765872","31.3099081","34.5810305","31.40065105"
"Khirbat El Mashrafa","10-09-Khirbat El Mashrafa.jpg","","10-09","","Palestine, 1:20,000, 1940s","https://www.dropbox.com/sh/qos20k3m2np6a7y/AADTCOfZ_8uqpk3VTbGxx3n0a/10-09-Khirbat%20El%20Mashrafa.jpg?dl=1","1931","34.4758849","31.40009038","34.58042578","31.49083402"
"Khirbat El Mashrafa","10-09.1942-Khirbat El Mashrafa.jpg","","10-09","","Palestine, 1:20,000, 1940s","https://www.dropbox.com/sh/qos20k3m2np6a7y/AAArrBCje1p0V82_Zed5xUQba/10-09.1942-Khirbat%20El%20Mashrafa.jpg?dl=1","1942","34.4758849","31.40009038","34.58042578","31.49083402"
"Khirbat El Mashrafa","10-09.45-49-Khirbat El Mashrafa.jpg","","10-09","","Palestine, 1:20,000, 1940s","https://www.dropbox.com/sh/qos20k3m2np6a7y/AAAtmv5KlCqG6OulrgGFZ6c-a/10-09.45-49-Khirbat%20El%20Mashrafa.jpg?dl=1","1949","34.4758849","31.40009038","34.58042578","31.49083402"
"Beit Hanun","10-10-Beit Hanun.jpg","","10-10","","Palestine, 1:20,000, 1940s","https://www.dropbox.com/sh/qos20k3m2np6a7y/AAD7VvtvV1e06Yro21w1Im_Ca/10-10-Beit%20Hanun.jpg?dl=1","1931","34.47517945","31.49027138","34.57981834","31.58101571"
"Beit Hanun","10-10.1942-Beit Hanun.jpg","","10-10","","Palestine, 1:20,000, 1940s","https://www.dropbox.com/sh/qos20k3m2np6a7y/AAB3b0ZaZriI7SBySKIH0NsHa/10-10.1942-Beit%20Hanun.jpg?dl=1","1942","34.47517945","31.49027138","34.57981834","31.58101571"
"Beit Hanun","10-10.46-48-Beit Hanun.jpg","","10-10","","Palestine, 1:20,000, 1940s","https://www.dropbox.com/sh/qos20k3m2np6a7y/AABCAQdNs0iPMUVdRddlOpeIa/10-10.46-48-Beit%20Hanun.jpg?dl=1","1948","34.47517945","31.49027138","34.57981834","31.58101571"
"Ascalon","10-11 10-12-Ascalon.jpg","","10-11","10-12","Palestine, 1:20,000, 1940s","https://www.dropbox.com/sh/qos20k3m2np6a7y/AAABROXFlwQvzEeV3A0kEF4ba/10-11%2010-12-Ascalon.jpg?dl=1","1948","34.47447081","31.58045109","34.57896333","31.70726791"
"Ascalon","10-11 10-12.1942-Ascalon.jpg","","10-11","10-12","Palestine, 1:20,000, 1940s","https://www.dropbox.com/sh/qos20k3m2np6a7y/AADrPf8JHBx5rsCxbRxSukBMa/10-11%2010-12.1942-Ascalon.jpg?dl=1","1942","34.47447081","31.58045109","34.57896333","31.70726791"
"Ascalon","10-11-Ascalon.jpg","","10-11","","Palestine, 1:20,000, 1940s","https://www.dropbox.com/sh/qos20k3m2np6a7y/AADleTHTM-eJWGgyPyOxCFhTa/10-11-Ascalon.jpg?dl=1","1931","34.47447081","31.58045109","34.57920816","31.67119611"
"Khirbat Muleih","11-07-Khirbat Muleih.jpg","","11-07","","Palestine, 1:20,000, 1940s","https://www.dropbox.com/sh/qos20k3m2np6a7y/AAD_GIkJSXptcfblHH_fIMABa/11-07-Khirbat%20Muleih.jpg?dl=1","","34.58223182","31.22028126","34.68667895","31.31093956"
"Esh Sharia","11-08.1947-Esh Sharia.jpg","","11-08","","Palestine, 1:20,000, 1940s","https://www.dropbox.com/sh/qos20k3m2np6a7y/AAAVf0OgFjs3G2tZ5YwZfuL2a/11-08.1947-Esh%20Sharia.jpg?dl=1","1947","34.58163251","31.31046679","34.68617724","31.40112548"
"Kaufakha","11-09.1931-Kaufakha.jpg","","11-09","","Palestine, 1:20,000, 1940s","https://www.dropbox.com/sh/qos20k3m2np6a7y/AAB7z-jm6PPV3ZeM1mqIf9nwa/11-09.1931-Kaufakha.jpg?dl=1","1931","34.5810305","31.40065105","34.68567326","31.49131012"
"Kaufakha","11-09.1942-Kaufakha.jpg","","11-09","","Palestine, 1:20,000, 1940s","https://www.dropbox.com/sh/qos20k3m2np6a7y/AABif1RMaKFCNPH5-lMfc4hEa/11-09.1942-Kaufakha.jpg?dl=1","1942","34.5810305","31.40065105","34.68567326","31.49131012"
"Kaufakha","11-09.45-48-Kaufakha.jpg","","11-09","","Palestine, 1:20,000, 1940s","https://www.dropbox.com/sh/qos20k3m2np6a7y/AADtwLG6V06GCiX3JnBnLALca/11-09.45-48-Kaufakha.jpg?dl=1","1948","34.5810305","31.40065105","34.68567326","31.49131012"
"Bureir","11-10.1931-Bureir.jpg","","11-10","","Palestine, 1:20,000, 1940s","https://www.dropbox.com/sh/qos20k3m2np6a7y/AAAVaLPfNZq8xxriBJEK1k1ra/11-10.1931-Bureir.jpg?dl=1","1931","34.58042578","31.49083402","34.68516702","31.58149349"
"Bureir","11-10.1942-Bureir.jpg","","11-10","","Palestine, 1:20,000, 1940s","https://www.dropbox.com/sh/qos20k3m2np6a7y/AAD_51GY3MIELpyrkB7KQVC6a/11-10.1942-Bureir.jpg?dl=1","1942","34.58042578","31.49083402","34.68516702","31.58149349"
"Bureir","11-10.1946-Bureir.jpg","","11-10","","Palestine, 1:20,000, 1940s","https://www.dropbox.com/sh/qos20k3m2np6a7y/AABZvPc9NaIyYI9dV0TwRK4Ka/11-10.1946-Bureir.jpg?dl=1","1946","34.58042578","31.49083402","34.68516702","31.58149349"
"El Majdal","11-11-El Majdal.jpg","","11-11","","Palestine, 1:20,000, 1940s","https://www.dropbox.com/sh/qos20k3m2np6a7y/AAB3T0QalRkf_qGINg_PPj3fa/11-11-El%20Majdal.jpg?dl=1","","34.57981834","31.58101571","34.68465851","31.67167556"
"El Majdal","11-11.1942-El Majdal.jpg","","11-11","","Palestine, 1:20,000, 1940s","https://www.dropbox.com/sh/qos20k3m2np6a7y/AABX7FcQdddUSnbuAHOM5Jmga/11-11.1942-El%20Majdal.jpg?dl=1","1942","34.57981834","31.58101571","34.68465851","31.67167556"
"El Majdal","11-11.46-48-El Majdal.jpg","","11-11","","Palestine, 1:20,000, 1940s","https://www.dropbox.com/sh/qos20k3m2np6a7y/AACNUm2MhUoZd54c4X5E-SZOa/11-11.46-48-El%20Majdal.jpg?dl=1","1948","34.57981834","31.58101571","34.68465851","31.67167556"
"Hamama","11-12-Hamama.jpg","","11-12","","Palestine, 1:20,000, 1940s","https://www.dropbox.com/sh/qos20k3m2np6a7y/AAA8xqjE-1NbOnyShnVjueHja/11-12-Hamama.jpg?dl=1","","34.57920816","31.67119611","34.68414771","31.76185636"
"Hamama","11-12.1942-Hamama.jpg","","11-12","","Palestine, 1:20,000, 1940s","https://www.dropbox.com/sh/qos20k3m2np6a7y/AAAg-Y1BQwXhhvrxS1xRNMW4a/11-12.1942-Hamama.jpg?dl=1","1942","34.57920816","31.67119611","34.68414771","31.76185636"
"Hamama","11-12.46 48-Hamama.jpg","","11-12","","Palestine, 1:20,000, 1940s","https://www.dropbox.com/sh/qos20k3m2np6a7y/AAAX9-8Thgq-HIWxS_5fWACla/11-12.46%2048-Hamama.jpg?dl=1","1948","34.57920816","31.67119611","34.68414771","31.76185636"
"Arab Sukreir","11-13-Arab Sukreir.jpg","","11-13","","Palestine, 1:20,000, 1940s","https://www.dropbox.com/sh/qos20k3m2np6a7y/AADOcfTh5GqGBKV9WEiuBpH7a/11-13-Arab%20Sukreir.jpg?dl=1","","34.57859525","31.76137522","34.68363461","31.85203587"
"Arab Sukreir","11-13.1941-Arab Sukreir.jpg","","11-13","","Palestine, 1:20,000, 1940s","https://www.dropbox.com/sh/qos20k3m2np6a7y/AACImpvzRUeOY4g1KuBOiZfIa/11-13.1941-Arab%20Sukreir.jpg?dl=1","1941","34.57859525","31.76137522","34.68363461","31.85203587"
"Yibna","11-14 12-14.1941-Yibna.jpg","","11-14","12-14","Palestine, 1:20,000, 1940s","https://www.dropbox.com/sh/qos20k3m2np6a7y/AABwxZeSSVMKz1NZy4eKzrkya/11-14%2012-14.1941-Yibna.jpg?dl=1","1941","34.66250352","31.85194632","34.78887827","31.94261053"
"Yibna","11-14.43-49-Yibna.jpg","","11-14","","Palestine, 1:20,000, 1940s","https://www.dropbox.com/sh/qos20k3m2np6a7y/AADhXOAmA1N-67ATlwJx5H_za/11-14.43-49-Yibna.jpg?dl=1","1949","34.57797958","31.85155304","34.68311921","31.94221408"
"Beersheba West","12-07-Beersheba West.jpg","","12-07","","Palestine, 1:20,000, 1940s","https://www.dropbox.com/sh/qos20k3m2np6a7y/AAB2B4UMQ3hJ_DEGD6QuA5m6a/12-07-Beersheba%20West.jpg?dl=1","","34.68717842","31.22075236","34.79172635","31.31132639"
"Kh Umm El Baqar","12-08-Kh Umm El Baqar.jpg","","12-08","","Palestine, 1:20,000, 1940s","https://www.dropbox.com/sh/qos20k3m2np6a7y/AADT2iivXwj5uYJogPjJ_GLTa/12-08-Kh%20Umm%20El%20Baqar.jpg?dl=1","","34.68667895","31.31093956","34.79132493","31.40151368"
"Tell El Muleiha","12-09-Tell El Muleiha.jpg","","12-09","","Palestine, 1:20,000, 1940s","https://www.dropbox.com/sh/qos20k3m2np6a7y/AACaFmMk7JRzBFGwKa4utwSda/12-09-Tell%20El%20Muleiha.jpg?dl=1","","34.68617724","31.40112548","34.79092172","31.49169969"
"Jammama","12-10-Jammama.jpg","","12-10","","Palestine, 1:20,000, 1940s","https://www.dropbox.com/sh/qos20k3m2np6a7y/AADUJ9oiE5TqRvgct5ZdWEO9a/12-10-Jammama.jpg?dl=1","","34.68567326","31.49131012","34.79051668","31.58188442"
"El Faluja","12-11-El Faluja.jpg","","12-11","","Palestine, 1:20,000, 1940s","https://www.dropbox.com/sh/qos20k3m2np6a7y/AABMvj6yw761LMmjxgqlU4uFa/12-11-El%20Faluja.jpg?dl=1","","34.68516702","31.58149349","34.79010983","31.67206788"
"El Faluja","12-11.1942-El Faluja.jpg","","12-11","","Palestine, 1:20,000, 1940s","https://www.dropbox.com/sh/qos20k3m2np6a7y/AAAIocSw9_mZX8_N6yEmkpKxa/12-11.1942-El%20Faluja.jpg?dl=1","1942","34.68516702","31.58149349","34.79010983","31.67206788"
"El Faluja","12-11.1948-El Faluja.jpg","","12-11","","Palestine, 1:20,000, 1940s","https://www.dropbox.com/sh/qos20k3m2np6a7y/AACcKz34Orv1XDcnlbG-Sor2a/12-11.1948-El%20Faluja.jpg?dl=1","1948","34.68516702","31.58149349","34.79010983","31.67206788"
"El Masmiya El Kabira","12-12-El Masmiya El Kabira.jpg","","12-12","","Palestine, 1:20,000, 1940s","https://www.dropbox.com/sh/qos20k3m2np6a7y/AAB829EAkn3sXkZpPoRTKU4oa/12-12-El%20Masmiya%20El%20Kabira.jpg?dl=1","","34.68465851","31.67167556","34.78970115","31.76225005"
"El Masmiya El Kabira","12-12.1942-El Masmiya El Kabira.jpg","","12-12","","Palestine, 1:20,000, 1940s","https://www.dropbox.com/sh/qos20k3m2np6a7y/AAD8lRtqdhT2jN9wWHxpG88Oa/12-12.1942-El%20Masmiya%20El%20Kabira.jpg?dl=1","1942","34.68465851","31.67167556","34.78970115","31.76225005"
"El Masmiya El Kabira","12-12.1948-El Masmiya El Kabira.jpg","","12-12","","Palestine, 1:20,000, 1940s","https://www.dropbox.com/sh/qos20k3m2np6a7y/AAAcKAh0dHyMDCs1rWzmb1Uja/12-12.1948-El%20Masmiya%20El%20Kabira.jpg?dl=1","1948","34.68465851","31.67167556","34.78970115","31.76225005"
"El Mughar","12-13-El Mughar.jpg","","12-13","","Palestine, 1:20,000, 1940s","https://www.dropbox.com/sh/qos20k3m2np6a7y/AACCaITyysLe-z7Ukv_Qq-2ca/12-13-El%20Mughar.jpg?dl=1","","34.68414771","31.76185636","34.78929063","31.85243093"
"El Mughar","12-13.1943-El Mughar.jpg","","12-13","","Palestine, 1:20,000, 1940s","https://www.dropbox.com/sh/qos20k3m2np6a7y/AADMXaXrWDyWLvwTaYJxZE5Xa/12-13.1943-El%20Mughar.jpg?dl=1","1943","34.68414771","31.76185636","34.78929063","31.85243093"
"Yibna","12-14-Yibna.jpg","","12-14","","Palestine, 1:20,000, 1940s","https://www.dropbox.com/sh/qos20k3m2np6a7y/AACSZ_JFkEO6_VAjQB817fIFa/12-14-Yibna.jpg?dl=1","","34.68363461","31.85203587","34.78887827","31.94261053"
"Yibna","12-14.1929-Yibna.jpg","","12-14","","Palestine, 1:20,000, 1940s","https://www.dropbox.com/sh/qos20k3m2np6a7y/AAD87WaWmh90ftKpK7SVkxzRa/12-14.1929-Yibna.jpg?dl=1","1929","34.68363461","31.85203587","34.78887827","31.94261053"
"Miqve Yisrael","12-15-Miqve Yisrael.jpg","","12-15","","Palestine, 1:20,000, 1940s","https://www.dropbox.com/sh/qos20k3m2np6a7y/AABOOVyEsQlZKowE9uXQ9uONa/12-15-Miqve%20Yisrael.jpg?dl=1","","34.68311921","31.94221408","34.78846406","32.03278884"
"Miqve Yisrael","12-15.41 42-Miqve Yisrael.jpg","","12-15","","Palestine, 1:20,000, 1940s","https://www.dropbox.com/sh/qos20k3m2np6a7y/AACF03lKCIA1Q1GHiJCIAz02a/12-15.41%2042-Miqve%20Yisrael.jpg?dl=1","1942","34.68311921","31.94221408","34.78846406","32.03278884"
"Jaffa","12-16-Jaffa.jpg","","12-16","","Palestine, 1:20,000, 1940s","https://www.dropbox.com/sh/qos20k3m2np6a7y/AAAxD_C4t2Kj4iieA_q9XyPFa/12-16-Jaffa.jpg?dl=1","","34.6826015","32.03239101","34.78804799","32.12296586"
"Jaffa","12-16.1943-Jaffa.jpg","","12-16","","Palestine, 1:20,000, 1940s","https://www.dropbox.com/sh/qos20k3m2np6a7y/AADJDPM-NfDWQUO-SXavlMP4a/12-16.1943-Jaffa.jpg?dl=1","1943","34.6826015","32.03239101","34.78804799","32.12296586"
"Lachish","13-10-Lachish.jpg","","13-10","","Palestine, 1:20,000, 1940s","https://www.dropbox.com/sh/qos20k3m2np6a7y/AACe_IVHumABBdZT7f5IOX-aa/13-10-Lachish.jpg?dl=1","","34.79092172","31.49169969","34.89586712","31.58218852"
"Zikrin","13-11-Zikrin.jpg","","13-11","","Palestine, 1:20,000, 1940s","https://www.dropbox.com/sh/qos20k3m2np6a7y/AADHaMwaaLCmlsLqExvzyQ2ga/13-11-Zikrin.jpg?dl=1","","34.79051668","31.58188442","34.89556194","31.67237304"
"Tell Es Safi","13-12-Tell Es Safi.jpg","","13-12","","Palestine, 1:20,000, 1940s","https://www.dropbox.com/sh/qos20k3m2np6a7y/AADBux0J3-J3XX99BOYPdHjoa/13-12-Tell%20Es%20Safi.jpg?dl=1","","34.79010983","31.67206788","34.89525538","31.76255628"
"Tell Es Safi","13-12.1948-Tell Es Safi.jpg","","13-12","","Palestine, 1:20,000, 1940s","https://www.dropbox.com/sh/qos20k3m2np6a7y/AACvJqgOBCz2wP1FHTzJpJt4a/13-12.1948-Tell%20Es%20Safi.jpg?dl=1","1948","34.79010983","31.67206788","34.89525538","31.76255628"
"Qazaza","13-13-Qazaza.jpg","","13-13","","Palestine, 1:20,000, 1940s","https://www.dropbox.com/sh/qos20k3m2np6a7y/AACafbNoXMXmzM0RKHsgJ8cma/13-13-Qazaza.jpg?dl=1","","34.78970115","31.76225005","34.89494745","31.85273824"
"Qazaza","13-13.1942-Qazaza.jpg","","13-13","","Palestine, 1:20,000, 1940s","https://www.dropbox.com/sh/qos20k3m2np6a7y/AADGvNP9IxhCCJzTHZojBSSCa/13-13.1942-Qazaza.jpg?dl=1","1942","34.78970115","31.76225005","34.89494745","31.85273824"
"Ramle","13-14.1941-Ramle.jpg","","13-14","","Palestine, 1:20,000, 1940s","https://www.dropbox.com/sh/qos20k3m2np6a7y/AADgVFZRl91YiZv6TxnmOa3Ia/13-14.1941-Ramle.jpg?dl=1","1941","34.78929063","31.85243093","34.89463813","31.94291891"
"Ramle","13-14.42-48-Ramle.jpg","","13-14","","Palestine, 1:20,000, 1940s","https://www.dropbox.com/sh/qos20k3m2np6a7y/AAAAG_Osa7P2PY1IDhW9WZmTa/13-14.42-48-Ramle.jpg?dl=1","1948","34.78929063","31.85243093","34.89463813","31.94291891"
"Beit Dajan","13-15-Beit Dajan.jpg","","13-15","","Palestine, 1:20,000, 1940s","https://www.dropbox.com/sh/qos20k3m2np6a7y/AACDiPsELOab9sZTPEHNNS3Oa/13-15-Beit%20Dajan.jpg?dl=1","","34.78887827","31.94261053","34.89432743","32.0330983"
"Beit Dajan","13-15.1942-Beit Dajan.jpg","","13-15","","Palestine, 1:20,000, 1940s","https://www.dropbox.com/sh/qos20k3m2np6a7y/AACGTlDBuFfcO_Ar9ijQMYATa/13-15.1942-Beit%20Dajan.jpg?dl=1","1942","34.78887827","31.94261053","34.89432743","32.0330983"
"Petah Tiqva","13-16-Petah Tiqva.jpg","","13-16","","Palestine, 1:20,000, 1940s","https://www.dropbox.com/sh/qos20k3m2np6a7y/AAAClxdF2ofATfTon0hgq-sRa/13-16-Petah%20Tiqva.jpg?dl=1","","34.78846406","32.03278884","34.89401533","32.1232764"
"Petah Tiqva","13-16.1942-Petah Tiqva.jpg","","13-16","","Palestine, 1:20,000, 1940s","https://www.dropbox.com/sh/qos20k3m2np6a7y/AADW6dU_4pfOsy2zMvAMP8aPa/13-16.1942-Petah%20Tiqva.jpg?dl=1","1942","34.78846406","32.03278884","34.89401533","32.1232764"
"Petah Tiqva","13-16.1948-Petah Tiqva.jpg","","13-16","","Palestine, 1:20,000, 1940s","https://www.dropbox.com/sh/qos20k3m2np6a7y/AABUgw7bRzo17vd1tiIFI9Aaa/13-16.1948-Petah%20Tiqva.jpg?dl=1","1948","34.78846406","32.03278884","34.89401533","32.1232764"
"Herzliya","13-17-Herzliya.jpg","","13-17","","Palestine, 1:20,000, 1940s","https://www.dropbox.com/sh/qos20k3m2np6a7y/AAD-q17dO69dDJThNh784Zwaa/13-17-Herzliya.jpg?dl=1","","34.78804799","32.12296586","34.89370184","32.21345321"
"Birkat Ramadan","13-18-Birkat Ramadan.jpg","","13-18","","Palestine, 1:20,000, 1940s","https://www.dropbox.com/sh/qos20k3m2np6a7y/AAAWM8vkDOV43Rd0qx9wXfYAa/13-18-Birkat%20Ramadan.jpg?dl=1","","34.78763005","32.21314159","34.89338693","32.30362872"
"Birkat Ramadan","13-18.1943-Birkat Ramadan.jpg","","13-18","","Palestine, 1:20,000, 1940s","https://www.dropbox.com/sh/qos20k3m2np6a7y/AAA5v9awNpfSxS3mEMZX-kd7a/13-18.1943-Birkat%20Ramadan.jpg?dl=1","1943","34.78763005","32.21314159","34.89338693","32.30362872"
"Natanya","13-19-Natanya.jpg","","13-19","","Palestine, 1:20,000, 1940s","https://www.dropbox.com/sh/qos20k3m2np6a7y/AABuDwZ6mlUfFz3TxvLanvMNa/13-19-Natanya.jpg?dl=1","","34.78721025","32.30331603","34.89307062","32.39380295"
"Natanya","13-19.41-49-Natanya.jpg","","13-19","","Palestine, 1:20,000, 1940s","https://www.dropbox.com/sh/qos20k3m2np6a7y/AACMCw0SLXb60aQ8oqvPJ3-9a/13-19.41-49-Natanya.jpg?dl=1","1949","34.78721025","32.30331603","34.89307062","32.39380295"
"Minat Abu Zabura","13-20-Minat Abu Zabura.jpg","","13-20","","Palestine, 1:20,000, 1940s","https://www.dropbox.com/sh/qos20k3m2np6a7y/AABcQ_l2nBdX98-xGUByE60qa/13-20-Minat%20Abu%20Zabura.jpg?dl=1","","34.78678856","32.39348916","34.89275289","32.48397587"
"Minat Abu Zabura","13-20.1941-Minat Abu Zabura.jpg","","13-20","","Palestine, 1:20,000, 1940s","https://www.dropbox.com/sh/qos20k3m2np6a7y/AAC1PIpNUDLgrUeyqKLCt-LEa/13-20.1941-Minat%20Abu%20Zabura.jpg?dl=1","1941","34.78678856","32.39348916","34.89275289","32.48397587"
"Minat Abu Zabura","13-20.42-49-Minat Abu Zabura.jpg","","13-20","","Palestine, 1:20,000, 1940s","https://www.dropbox.com/sh/qos20k3m2np6a7y/AAAdPu-fUwD87yXqaFVtL8xka/13-20.42-49-Minat%20Abu%20Zabura.jpg?dl=1","1949","34.78678856","32.39348916","34.89275289","32.48397587"
"Ed Dawayima","14-10-Ed Dawayima.jpg","","14-10","","Palestine, 1:20,000, 1940s","https://www.dropbox.com/sh/qos20k3m2np6a7y/AADqP8DxCO3YMUQYdmGl8xE5a/14-10-Ed%20Dawayima.jpg?dl=1","","34.89617094","31.49200272","35.00121814","31.58240577"
"Beit Jibrin","14-11-Beit Jibrin.jpg","","14-11","","Palestine, 1:20,000, 1940s","https://www.dropbox.com/sh/qos20k3m2np6a7y/AAAVEk4NkMkBm1IAS3Od1R__a/14-11-Beit%20Jibrin.jpg?dl=1","","34.89586712","31.58218852","35.00101463","31.67259105"
"Bureij","14-12-Bureij.jpg","","14-12","","Palestine, 1:20,000, 1940s","https://www.dropbox.com/sh/qos20k3m2np6a7y/AAATn-8obpvXPYuitL09PsT_a/14-12-Bureij.jpg?dl=1","","34.89556194","31.67237304","35.0008102","31.76277506"
"Latrun","14-13-Latrun.jpg","","14-13","","Palestine, 1:20,000, 1940s","https://www.dropbox.com/sh/qos20k3m2np6a7y/AADNVKE8t3w8tP6pXaV0OL4-a/14-13-Latrun.jpg?dl=1","","34.89525538","31.76255628","35.00060486","31.85295778"
"Latrun","14-13.1942-Latrun.jpg","","14-13","","Palestine, 1:20,000, 1940s","https://www.dropbox.com/sh/qos20k3m2np6a7y/AACvcl_BbcA68NgMGIlutkgda/14-13.1942-Latrun.jpg?dl=1","1942","34.89525538","31.76255628","35.00060486","31.85295778"
"Latrun","14-13.1948-Latrun.jpg","","14-13","","Palestine, 1:20,000, 1940s","https://www.dropbox.com/sh/qos20k3m2np6a7y/AACbg6jyUreXe251I9RATsVza/14-13.1948-Latrun.jpg?dl=1","1948","34.89525538","31.76255628","35.00060486","31.85295778"
"El Qubab","14-14-El Qubab.jpg","","14-14","","Palestine, 1:20,000, 1940s","https://www.dropbox.com/sh/qos20k3m2np6a7y/AAD93Bm7UmrPaCJapXirjU6pa/14-14-El%20Qubab.jpg?dl=1","","34.89494745","31.85273824","35.00039859","31.94313922"
"El Qubab","14-14.1942-El Qubab.jpg","","14-14","","Palestine, 1:20,000, 1940s","https://www.dropbox.com/sh/qos20k3m2np6a7y/AAB_FBdZwz9tBMzWYNA5BiBza/14-14.1942-El%20Qubab.jpg?dl=1","1942","34.89494745","31.85273824","35.00039859","31.94313922"
"Lydda","14-15-Lydda.jpg","","14-15","","Palestine, 1:20,000, 1940s","https://www.dropbox.com/sh/qos20k3m2np6a7y/AADSu_f8bmpZuGlLd8STnP_Ma/14-15-Lydda.jpg?dl=1","","34.89463813","31.94291891","35.0001914","32.03331938"
"Lydda","14-15.1942-Lydda.jpg","","14-15","","Palestine, 1:20,000, 1940s","https://www.dropbox.com/sh/qos20k3m2np6a7y/AAAVPbFWYKJIFQILt9_0yrMJa/14-15.1942-Lydda.jpg?dl=1","1942","34.89463813","31.94291891","35.0001914","32.03331938"
"Majdal Yaba","14-16-Majdal Yaba.jpg","","14-16","","Palestine, 1:20,000, 1940s","https://www.dropbox.com/sh/qos20k3m2np6a7y/AADe0a5WGSyezlRc-ofrGXbqa/14-16-Majdal%20Yaba.jpg?dl=1","","34.89432743","32.0330983","34.99998328","32.12349825"
"Majdal Yaba","14-16.1941-Majdal Yaba.jpg","","14-16","","Palestine, 1:20,000, 1940s","https://www.dropbox.com/sh/qos20k3m2np6a7y/AAC_3HzoWNqYWHAnkXbEZZXEa/14-16.1941-Majdal%20Yaba.jpg?dl=1","1941","34.89432743","32.0330983","34.99998328","32.12349825"
"Majdal Yaba","14-16.1948-Majdal Yaba.jpg","","14-16","","Palestine, 1:20,000, 1940s","https://www.dropbox.com/sh/qos20k3m2np6a7y/AADGY3f-fzoIoUXpWjvRQoDya/14-16.1948-Majdal%20Yaba.jpg?dl=1","1948","34.89432743","32.0330983","34.99998328","32.12349825"
"Qalqiliya","14-17.1942-Qalqiliya.jpg","","14-17","","Palestine, 1:20,000, 1940s","https://www.dropbox.com/sh/qos20k3m2np6a7y/AACuDCBZCt9qiOycRPQCHKwaa/14-17.1942-Qalqiliya.jpg?dl=1","1942","34.89401533","32.1232764","34.99977423","32.21367583"
"Et Tira","14-18-Et Tira.jpg","","14-18","","Palestine, 1:20,000, 1940s","https://www.dropbox.com/sh/qos20k3m2np6a7y/AACV055eiKp4uWED3v-lBnnba/14-18-Et%20Tira.jpg?dl=1","","34.89370184","32.21345321","34.99956424","32.30385212"
"Et Tira","14-18.1942-Et Tira.jpg","","14-18","","Palestine, 1:20,000, 1940s","https://www.dropbox.com/sh/qos20k3m2np6a7y/AADYpI58Q9BCebZJj6elDRJZa/14-18.1942-Et%20Tira.jpg?dl=1","1942","34.89370184","32.21345321","34.99956424","32.30385212"
"Qaqun","14-19-Qaqun.jpg","","14-19","","Palestine, 1:20,000, 1940s","https://www.dropbox.com/sh/qos20k3m2np6a7y/AABbDwAMxukP2zwZeoj4h2nUa/14-19-Qaqun.jpg?dl=1","","34.89338693","32.30362872","34.99935331","32.39402712"
"Qaqun","14-19.1941-Qaqun.jpg","","14-19","","Palestine, 1:20,000, 1940s","https://www.dropbox.com/sh/qos20k3m2np6a7y/AADCwzuUBPwNsVB1ErAdvyWCa/14-19.1941-Qaqun.jpg?dl=1","1941","34.89338693","32.30362872","34.99935331","32.39402712"
"Hadera","14-20-Hadera.jpg","","14-20","","Palestine, 1:20,000, 1940s","https://www.dropbox.com/sh/qos20k3m2np6a7y/AADOsSxE5XiVeSCo_wUJER8Ta/14-20-Hadera.jpg?dl=1","","34.89307062","32.39380295","34.99914143","32.48420082"
"Hadera","14-20.1942-Hadera.jpg","","14-20","","Palestine, 1:20,000, 1940s","https://www.dropbox.com/sh/qos20k3m2np6a7y/AADJn_yNKI7K5QzTIY6lvjxca/14-20.1942-Hadera.jpg?dl=1","1942","34.89307062","32.39380295","34.99914143","32.48420082"
"Caesarea","14-21-Caesarea.jpg","","14-21","","Palestine, 1:20,000, 1940s","https://www.dropbox.com/sh/qos20k3m2np6a7y/AABykOKH9SFK2yrLghkbGCk6a/14-21-Caesarea.jpg?dl=1","","34.89275289","32.48397587","34.99892861","32.57437322"
"Caesarea","14-21.1942-Caesarea.jpg","","14-21","","Palestine, 1:20,000, 1940s","https://www.dropbox.com/sh/qos20k3m2np6a7y/AACQn5ubB5ylQ7oIY-20Hjh5a/14-21.1942-Caesarea.jpg?dl=1","1942","34.89275289","32.48397587","34.99892861","32.57437322"
"Ijzim","14-22.1938-Ijzim.jpg","","14-22","","Palestine, 1:20,000, 1940s","https://www.dropbox.com/sh/qos20k3m2np6a7y/AADsC0miBCdnRvocY08093Ifa/14-22.1938-Ijzim.jpg?dl=1","1938","34.89243374","32.5741475","34.99871483","32.66454433"
"Ijzim","14-22.1942-Ijzim.jpg","","14-22","","Palestine, 1:20,000, 1940s","https://www.dropbox.com/sh/qos20k3m2np6a7y/AAAKqtjfHkmi-FLNug9yRt0Ma/14-22.1942-Ijzim.jpg?dl=1","1942","34.89243374","32.5741475","34.99871483","32.66454433"
"Ijzim","14-22.1951-Ijzim.jpg","","14-22","","Palestine, 1:20,000, 1940s","https://www.dropbox.com/sh/qos20k3m2np6a7y/AAAayRO5m42sM1oz-m1uBUa6a/14-22.1951-Ijzim.jpg?dl=1","1951","34.89243374","32.5741475","34.99871483","32.66454433"
"Atlit","14-23-Atlit.jpg","","14-23","","Palestine, 1:20,000, 1940s","https://www.dropbox.com/sh/qos20k3m2np6a7y/AACP1gJFszlxRGeBorsN1-Uea/14-23-Atlit.jpg?dl=1","","34.89211316","32.66431783","34.9985001","32.75471414"
"Atlit","14-23.1942-Atlit.jpg","","14-23","","Palestine, 1:20,000, 1940s","https://www.dropbox.com/sh/qos20k3m2np6a7y/AADK2HBWgVVBgwOD0HUWRI65a/14-23.1942-Atlit.jpg?dl=1","1942","34.89211316","32.66431783","34.9985001","32.75471414"
"Atlit","14-23.45-52-Atlit.jpg","","14-23","","Palestine, 1:20,000, 1940s","https://www.dropbox.com/sh/qos20k3m2np6a7y/AACiaSEbkO6m0xZ2SMQzV1SMa/14-23.45-52-Atlit.jpg?dl=1","1952","34.89211316","32.66431783","34.9985001","32.75471414"
"Haifa","14-24 15-24-Haifa.jpg","","14-24","15-24","Palestine, 1:20,000, 1940s","https://www.dropbox.com/sh/qos20k3m2np6a7y/AAAXYykRX8ljwDjcmBYMt3vAa/14-24%2015-24-Haifa.jpg?dl=1","","34.94514556","32.75461186","35.10510155","32.84501954"
"Haifa","14-24-Haifa.jpg","","14-24","","Palestine, 1:20,000, 1940s","https://www.dropbox.com/sh/qos20k3m2np6a7y/AACPemFHeb0CVR8dQ0x6C74ya/14-24-Haifa.jpg?dl=1","","34.94514556","32.75461186","35.10510155","32.84501954"
"Hebron West","15-10-Hebron West.jpg","","15-10","","Palestine, 1:20,000, 1940s","https://www.dropbox.com/sh/qos20k3m2np6a7y/AADvG62Rb9aOh1t6A81bM8V-a/15-10-Hebron%20West.jpg?dl=1","","35.00142073","31.49221921","35.10656954","31.58253617"
"Surif","15-11-Surif.jpg","","15-11","","Palestine, 1:20,000, 1940s","https://www.dropbox.com/sh/qos20k3m2np6a7y/AABXAuRszay-5aYx0fuZn-7Ba/15-11-Surif.jpg?dl=1","","35.00121814","31.58240577","35.1064677","31.67272191"
"Deir Esh Sheikh","15-12-Deir Esh Sheikh.jpg","","15-12","","Palestine, 1:20,000, 1940s","https://www.dropbox.com/sh/qos20k3m2np6a7y/AADa0FRq0bCALWfBZfWVoBvBa/15-12-Deir%20Esh%20Sheikh.jpg?dl=1","","35.00101463","31.67259105","35.10636541","31.76290638"
"Bab El Wad","15-13.1943-Bab El Wad.jpg","","15-13","","Palestine, 1:20,000, 1940s","https://www.dropbox.com/sh/qos20k3m2np6a7y/AACohzorE466trRWeICWdo64a/15-13.1943-Bab%20El%20Wad.jpg?dl=1","1943","35.0008102","31.76277506","35.10626266","31.85308956"
"Beit Sira","15-14-Beit Sira.jpg","","15-14","","Palestine, 1:20,000, 1940s","https://www.dropbox.com/sh/qos20k3m2np6a7y/AAD4f2rtkC0TihyllEpG7wEZa/15-14-Beit%20Sira.jpg?dl=1","","35.00060486","31.85295778","35.10615945","31.94327146"
"Beit Sira","15-14.1948-Beit Sira.jpg","","15-14","","Palestine, 1:20,000, 1940s","https://www.dropbox.com/sh/qos20k3m2np6a7y/AADh0porVD_45_jXc8x-Uxcha/15-14.1948-Beit%20Sira.jpg?dl=1","1948","35.00060486","31.85295778","35.10615945","31.94327146"
"Abud","15-15-Abud.jpg","","15-15","","Palestine, 1:20,000, 1940s","https://www.dropbox.com/sh/qos20k3m2np6a7y/AACSWeebKoG3aCgaOBP3DSmba/15-15-Abud.jpg?dl=1","","35.00039859","31.94313922","35.10605578","32.03345208"
"Biddya","15-16-Biddya.jpg","","15-16","","Palestine, 1:20,000, 1940s","https://www.dropbox.com/sh/qos20k3m2np6a7y/AAC48XIopdi-EVd_KJP09yDda/15-16-Biddya.jpg?dl=1","","35.0001914","32.03331938","35.10595164","32.12363141"
"Biddya","15-16.45-54-Biddya.jpg","","15-16","","Palestine, 1:20,000, 1940s","https://www.dropbox.com/sh/qos20k3m2np6a7y/AAAICxNKBYNcG33MsKd64roqa/15-16.45-54-Biddya.jpg?dl=1","1954","35.0001914","32.03331938","35.10595164","32.12363141"
"Azzun","15-17-Azzun.jpg","","15-17","","Palestine, 1:20,000, 1940s","https://www.dropbox.com/sh/qos20k3m2np6a7y/AADB4Mf_j3X7VCFsBPeodDgga/15-17-Azzun.jpg?dl=1","","34.99998328","32.12349825","35.10584703","32.21380945"
"Azzun","15-17.45-50-Azzun.jpg","","15-17","","Palestine, 1:20,000, 1940s","https://www.dropbox.com/sh/qos20k3m2np6a7y/AABr52FiNQnuzekJK1k_nFrpa/15-17.45-50-Azzun.jpg?dl=1","1950","34.99998328","32.12349825","35.10584703","32.21380945"
"Et Taiyiba","15-18.1942-Et Taiyiba.jpg","","15-18","","Palestine, 1:20,000, 1940s","https://www.dropbox.com/sh/qos20k3m2np6a7y/AADPUvf6eKmJZQQ3foa-sNaEa/15-18.1942-Et%20Taiyiba.jpg?dl=1","1942","34.99977423","32.21367583","35.10574196","32.30398621"
"Et Taiyiba","15-18.1949-Et Taiyiba.jpg","","15-18","","Palestine, 1:20,000, 1940s","https://www.dropbox.com/sh/qos20k3m2np6a7y/AAAq2YpYpvNCN3yN2Bl2eq85a/15-18.1949-Et%20Taiyiba.jpg?dl=1","1949","34.99977423","32.21367583","35.10574196","32.30398621"
"Tulkarm","15-19-Tulkarm.jpg","","15-19","","Palestine, 1:20,000, 1940s","https://www.dropbox.com/sh/qos20k3m2np6a7y/AADYrYFmEHLiNvBLFadb3w95a/15-19-Tulkarm.jpg?dl=1","","34.99956424","32.30385212","35.10563641","32.39416167"
"Tulkarm","15-19.1942-Tulkarm.jpg","","15-19","","Palestine, 1:20,000, 1940s","https://www.dropbox.com/sh/qos20k3m2np6a7y/AADUgjlqHS0p-BQwTv-tVrDQa/15-19.1942-Tulkarm.jpg?dl=1","1942","34.99956424","32.30385212","35.10563641","32.39416167"
"Tulkarm","15-19.45-52-Tulkarm.jpg","","15-19","","Palestine, 1:20,000, 1940s","https://www.dropbox.com/sh/qos20k3m2np6a7y/AAC6-BE_YE0wK8EAPBzAe5lka/15-19.45-52-Tulkarm.jpg?dl=1","1952","34.99956424","32.30385212","35.10563641","32.39416167"
"Baqa El Gharbiya","15-20-Baqa El Gharbiya.jpg","","15-20","","Palestine, 1:20,000, 1940s","https://www.dropbox.com/sh/qos20k3m2np6a7y/AAB9Axn45voYuOFFG1b2Qma1a/15-20-Baqa%20El%20Gharbiya.jpg?dl=1","","34.99935331","32.39402712","35.10553039","32.48433584"
"Baqa El Gharbiya","15-20.1942-Baqa El Gharbiya.jpg","","15-20","","Palestine, 1:20,000, 1940s","https://www.dropbox.com/sh/qos20k3m2np6a7y/AACLFLpexIgjnJQ_Mb_WQ7n-a/15-20.1942-Baqa%20El%20Gharbiya.jpg?dl=1","1942","34.99935331","32.39402712","35.10553039","32.48433584"
"Baqa El Gharbiya","15-20.45-49-Baqa El Gharbiya.jpg","","15-20","","Palestine, 1:20,000, 1940s","https://www.dropbox.com/sh/qos20k3m2np6a7y/AACL1akZcECog-8Ua80KbCGRa/15-20.45-49-Baqa%20El%20Gharbiya.jpg?dl=1","1949","34.99935331","32.39402712","35.10553039","32.48433584"
"Kafr Qari","15-21-Kafr Qari.jpg","","15-21","","Palestine, 1:20,000, 1940s","https://www.dropbox.com/sh/qos20k3m2np6a7y/AAC6grqNv0TBR1uj6tBcUrv5a/15-21-Kafr%20Qari.jpg?dl=1","","34.99914143","32.48420082","35.1054239","32.57450871"
"Kafr Qari","15-21.1942-Kafr Qari.jpg","","15-21","","Palestine, 1:20,000, 1940s","https://www.dropbox.com/sh/qos20k3m2np6a7y/AAAD_nKhDr4pXtXxo3GubEAma/15-21.1942-Kafr%20Qari.jpg?dl=1","1942","34.99914143","32.48420082","35.1054239","32.57450871"
"Kafr Qari","15-21.1948-Kafr Qari.jpg","","15-21","","Palestine, 1:20,000, 1940s","https://www.dropbox.com/sh/qos20k3m2np6a7y/AABhiuCGc0qtUGaEJxSACXYPa/15-21.1948-Kafr%20Qari.jpg?dl=1","1948","34.99914143","32.48420082","35.1054239","32.57450871"
"Umm Ez Zinat","15-22-Umm Ez Zinat.jpg","","15-22","","Palestine, 1:20,000, 1940s","https://www.dropbox.com/sh/qos20k3m2np6a7y/AACls2yLrOV5IYO2lDAp0Rh2a/15-22-Umm%20Ez%20Zinat.jpg?dl=1","","34.99892861","32.57437322","35.10531693","32.66468029"
"Umm Ez Zinat","15-22.1942-Umm Ez Zinat.jpg","","15-22","","Palestine, 1:20,000, 1940s","https://www.dropbox.com/sh/qos20k3m2np6a7y/AADyZ6N0T6kByxYvIsFjgk7ga/15-22.1942-Umm%20Ez%20Zinat.jpg?dl=1","1942","34.99892861","32.57437322","35.10531693","32.66468029"
"Umm Ez Zinat","15-22.1948-Umm Ez Zinat.jpg","","15-22","","Palestine, 1:20,000, 1940s","https://www.dropbox.com/sh/qos20k3m2np6a7y/AADitSFlJIsgIpqtEM4k6ynHa/15-22.1948-Umm%20Ez%20Zinat.jpg?dl=1","1948","34.99892861","32.57437322","35.10531693","32.66468029"
"Daliyat El Karmil","15-23-Daliyat El Karmil.jpg","","15-23","","Palestine, 1:20,000, 1940s","https://www.dropbox.com/sh/qos20k3m2np6a7y/AADTpw_VH4DcgAsFHN_-t2_oa/15-23-Daliyat%20El%20Karmil.jpg?dl=1","","34.99871483","32.66454433","35.10520948","32.75485057"
"Daliyat El Karmil","15-23.1942-Daliyat El Karmil.jpg","","15-23","","Palestine, 1:20,000, 1940s","https://www.dropbox.com/sh/qos20k3m2np6a7y/AACq3m0qznv4Kixd8ZhbS0VRa/15-23.1942-Daliyat%20El%20Karmil.jpg?dl=1","1942","34.99871483","32.66454433","35.10520948","32.75485057"
"Haifa","15-24-Haifa.jpg","","15-24","","Palestine, 1:20,000, 1940s","https://www.dropbox.com/sh/qos20k3m2np6a7y/AAA11MGeb6CBLxMIOD2bI8wna/15-24-Haifa.jpg?dl=1","","34.9985001","32.75471414","35.10510155","32.84501954"
"Acre","15-25 16-25.1942-Acre.jpg","","15-25","16-25","Palestine, 1:20,000, 1940s","https://www.dropbox.com/sh/qos20k3m2np6a7y/AACs7NMK4g5u8BPFuuiU5v29a/15-25%2016-25.1942-Acre.jpg?dl=1","1942","35.06237466","32.84497573","35.21191874","32.9352331"
"Acre","15-25 16-25.1946-Acre.jpg","","15-25","16-25","Palestine, 1:20,000, 1940s","https://www.dropbox.com/sh/qos20k3m2np6a7y/AADSNVYJ4UoIXHA7fJiDhPUra/15-25%2016-25.1946-Acre.jpg?dl=1","1946","35.06237466","32.84497573","35.21191874","32.9352331"
"Acre","15-25-Acre.jpg","","15-25","","Palestine, 1:20,000, 1940s","https://www.dropbox.com/sh/qos20k3m2np6a7y/AADhSGVZGTc0auwtcGNqSheRa/15-25-Acre.jpg?dl=1","","35.06237466","32.84497573","35.21191874","32.9352331"
"Nahariya","15-26 16-26-Nahariya.jpg","","15-26","16-26","Palestine, 1:20,000, 1940s","https://www.dropbox.com/sh/qos20k3m2np6a7y/AADPCjYBd90oWKxi7TS-f2uea/15-26%2016-26-Nahariya.jpg?dl=1","","35.07291549","32.93515561","35.21191858","33.02539963"
"Nahariya","15-26-Nahariya.jpg","","15-26","","Palestine, 1:20,000, 1940s","https://www.dropbox.com/sh/qos20k3m2np6a7y/AABGrJRj91jWb6XJQICVeoFsa/15-26-Nahariya.jpg?dl=1","","35.07291549","32.93515561","35.21191858","33.02539963"
"Hebron East","16-10-Hebron East.jpg","","16-10","","Palestine, 1:20,000, 1940s","https://www.dropbox.com/sh/qos20k3m2np6a7y/AABj-AoimZm6TwLvO_e0DyuSa/16-10-Hebron%20East.jpg?dl=1","","35.10667091","31.49234915","35.21192113","31.58257973"
"Beit Fajjar","16-11-Beit Fajjar.jpg","","16-11","","Palestine, 1:20,000, 1940s","https://www.dropbox.com/sh/qos20k3m2np6a7y/AACUCCgjf1RMxXP01j4145dOa/16-11-Beit%20Fajjar.jpg?dl=1","","35.10656954","31.58253617","35.21192097","31.67276562"
"Bethlehem","16-12-Bethlehem.jpg","","16-12","","Palestine, 1:20,000, 1940s","https://www.dropbox.com/sh/qos20k3m2np6a7y/AADJYFkdgcv1A_EzNt_-caARa/16-12-Bethlehem.jpg?dl=1","","35.1064677","31.67272191","35.21192082","31.76295024"
"Ain Karim","16-13-Ain Karim.jpg","","16-13","","Palestine, 1:20,000, 1940s","https://www.dropbox.com/sh/qos20k3m2np6a7y/AABZAnfjWeQ8MJWoDDRJbw0Va/16-13-Ain%20Karim.jpg?dl=1","","35.10636541","31.76290638","35.21192066","31.85313357"
"Ain Karim","16-13.1948-Ain Karim.jpg","","16-13","","Palestine, 1:20,000, 1940s","https://www.dropbox.com/sh/qos20k3m2np6a7y/AABhvt95NQZFAhUsdMtKhkuna/16-13.1948-Ain%20Karim.jpg?dl=1","1948","35.10636541","31.76290638","35.21192066","31.85313357"
"Ramallah","16-14.1943-Ramallah.jpg","","16-14","","Palestine, 1:20,000, 1940s","https://www.dropbox.com/sh/qos20k3m2np6a7y/AADanQFU9K0PFUZX3repohH_a/16-14.1943-Ramallah.jpg?dl=1","1943","35.10626266","31.85308956","35.21192051","31.94331563"
"Ramallah","16-14.1948-Ramallah.jpg","","16-14","","Palestine, 1:20,000, 1940s","https://www.dropbox.com/sh/qos20k3m2np6a7y/AAC7uJ-kiHB91tUJHC8RnAzpa/16-14.1948-Ramallah.jpg?dl=1","1948","35.10626266","31.85308956","35.21192051","31.94331563"
"Bir Zeit","16-15-Bir Zeit.jpg","","16-15","","Palestine, 1:20,000, 1940s","https://www.dropbox.com/sh/qos20k3m2np6a7y/AAC5Qw-uYgyuh-XZitoBSKHwa/16-15-Bir%20Zeit.jpg?dl=1","","35.10615945","31.94327146","35.21192035","32.0334964"
"Salfit","16-16-Salfit.jpg","","16-16","","Palestine, 1:20,000, 1940s","https://www.dropbox.com/sh/qos20k3m2np6a7y/AABSw9_ild6Pyw93xuIV4REfa/16-16-Salfit.jpg?dl=1","","35.10605578","32.03345208","35.21192019","32.12367589"
"Jinsafut","16-17-Jinsafut.jpg","","16-17","","Palestine, 1:20,000, 1940s","https://www.dropbox.com/sh/qos20k3m2np6a7y/AADs4dQkiP2s6Ehr-NGA2cgsa/16-17-Jinsafut.jpg?dl=1","","35.10595164","32.12363141","35.21192004","32.21385409"
"Sabastiya","16-18.1942-Sabastiya.jpg","","16-18","","Palestine, 1:20,000, 1940s","https://www.dropbox.com/sh/qos20k3m2np6a7y/AADPhDpgB96boV_VGGrwOIfUa/16-18.1942-Sabastiya.jpg?dl=1","1942","35.10584703","32.21380945","35.21191988","32.304031"
"Sabastiya","16-18.45-49-Sabastiya.jpg","","16-18","","Palestine, 1:20,000, 1940s","https://www.dropbox.com/sh/qos20k3m2np6a7y/AAAj-qGeF8Oy0PtNul3cqyaLa/16-18.45-49-Sabastiya.jpg?dl=1","1949","35.10584703","32.21380945","35.21191988","32.304031"
"Anabta","16-19.1942-Anabta.jpg","","16-19","","Palestine, 1:20,000, 1940s","https://www.dropbox.com/sh/qos20k3m2np6a7y/AAAVTIFgi5oEJqTAeI5WH6UZa/16-19.1942-Anabta.jpg?dl=1","1942","35.10574196","32.30398621","35.21191972","32.39420661"
"Anabta","16-19.45 51-Anabta.jpg","","16-19","","Palestine, 1:20,000, 1940s","https://www.dropbox.com/sh/qos20k3m2np6a7y/AAB4KGWLywppuN6Zyx9k1ILAa/16-19.45%2051-Anabta.jpg?dl=1","1951","35.10574196","32.30398621","35.21191972","32.39420661"
"Yabad","16-20-Yabad.jpg","","16-20","","Palestine, 1:20,000, 1940s","https://www.dropbox.com/sh/qos20k3m2np6a7y/AADjsUJhM8T3zAUAelse7bCla/16-20-Yabad.jpg?dl=1","","35.10563641","32.39416167","35.21191956","32.48438094"
"Yabad","16-20.1942-Yabad.jpg","","16-20","","Palestine, 1:20,000, 1940s","https://www.dropbox.com/sh/qos20k3m2np6a7y/AAC0MpNmfSM7MglfFu1WlcBea/16-20.1942-Yabad.jpg?dl=1","1942","35.10563641","32.39416167","35.21191956","32.48438094"
"Yabad","16-20.45-48-Yabad.jpg","","16-20","","Palestine, 1:20,000, 1940s","https://www.dropbox.com/sh/qos20k3m2np6a7y/AADnozxy7qP_lOrbaAIearlIa/16-20.45-48-Yabad.jpg?dl=1","1948","35.10563641","32.39416167","35.21191956","32.48438094"
"Umm El Fahm","16-21-Umm El Fahm.jpg","","16-21","","Palestine, 1:20,000, 1940s","https://www.dropbox.com/sh/qos20k3m2np6a7y/AABwSdtAAQySAeCLND3IBka5a/16-21-Umm%20El%20Fahm.jpg?dl=1","","35.10553039","32.48433584","35.2119194","32.57455397"
"Umm El Fahm","16-21.1942-Umm El Fahm.jpg","","16-21","","Palestine, 1:20,000, 1940s","https://www.dropbox.com/sh/qos20k3m2np6a7y/AACzswanPTN2V2z2zdKVdOmua/16-21.1942-Umm%20El%20Fahm.jpg?dl=1","1942","35.10553039","32.48433584","35.2119194","32.57455397"
"Megiddo","16-22-Megiddo.jpg","","16-22","","Palestine, 1:20,000, 1940s","https://www.dropbox.com/sh/qos20k3m2np6a7y/AACPMj-5Guyyzc7AlsPPR0lfa/16-22-Megiddo.jpg?dl=1","","35.1054239","32.57450871","35.21191923","32.6647257"
"Megiddo","16-22.1942-Megiddo.jpg","","16-22","","Palestine, 1:20,000, 1940s","https://www.dropbox.com/sh/qos20k3m2np6a7y/AAAqQNRk35CV1xXVXr7MHRKBa/16-22.1942-Megiddo.jpg?dl=1","1942","35.1054239","32.57450871","35.21191923","32.6647257"
"Megiddo","16-22.1948-Megiddo.jpg","","16-22","","Palestine, 1:20,000, 1940s","https://www.dropbox.com/sh/qos20k3m2np6a7y/AADHK_gTtK4Aex8699kNLWZfa/16-22.1948-Megiddo.jpg?dl=1","1948","35.1054239","32.57450871","35.21191923","32.6647257"
"Nahalal","16-23-Nahalal.jpg","","16-23","","Palestine, 1:20,000, 1940s","https://www.dropbox.com/sh/qos20k3m2np6a7y/AAC6LkZcWUPoyZe-AHfc1sjla/16-23-Nahalal.jpg?dl=1","","35.10531693","32.66468029","35.21191907","32.75489613"
"Nahalal","16-23.1942-Nahalal.jpg","","16-23","","Palestine, 1:20,000, 1940s","https://www.dropbox.com/sh/qos20k3m2np6a7y/AABLy6JzLR6PElhWbOCbCD8Ja/16-23.1942-Nahalal.jpg?dl=1","1942","35.10531693","32.66468029","35.21191907","32.75489613"
"Shafa Amr","16-24-Shafa Amr.jpg","","16-24","","Palestine, 1:20,000, 1940s","https://www.dropbox.com/sh/qos20k3m2np6a7y/AAD7OwsWpAyo6ovLf5onhHJna/16-24-Shafa%20Amr.jpg?dl=1","","35.10520948","32.75485057","35.21191891","32.84506527"
"Shafa Amr","16-24.45-52-Shafa Amr.jpg","","16-24","","Palestine, 1:20,000, 1940s","https://www.dropbox.com/sh/qos20k3m2np6a7y/AAAxgdkmntHOQAfGANEnoD8da/16-24.45-52-Shafa%20Amr.jpg?dl=1","1952","35.10520948","32.75485057","35.21191891","32.84506527"
"Acre","16-25-Acre.jpg","","16-25","","Palestine, 1:20,000, 1940s","https://www.dropbox.com/sh/qos20k3m2np6a7y/AACr1cabTnMwBM9sg2nMgwP6a/16-25-Acre.jpg?dl=1","","35.10510155","32.84501954","35.21191874","32.9352331"
"El Bassa","16-27-El Bassa.jpg","","16-27","","Palestine, 1:20,000, 1940s","https://www.dropbox.com/sh/qos20k3m2np6a7y/AAAB637BYIiBhr2IvRZTH9q6a/16-27-El%20Bassa.jpg?dl=1","","35.09418082","33.02534393","35.21191842","33.11556485"
"El Bassa","16-27.45-48-El Bassa.jpg","","16-27","","Palestine, 1:20,000, 1940s","https://www.dropbox.com/sh/qos20k3m2np6a7y/AAAyjMVF7SM3KG1iY-Nx0eVla/16-27.45-48-El%20Bassa.jpg?dl=1","1948","35.09418082","33.02534393","35.21191842","33.11556485"
"Tel Hordos","17-11-Tel Hordos.jpg","","17-11","","Palestine, 1:20,000, 1940s","https://www.dropbox.com/sh/qos20k3m2np6a7y/AAAboY46vuPAnfFvgh9du5Jra/17-11-Tel%20Hordos.jpg?dl=1","","35.21192113","31.58257973","35.31737424","31.67272218"
"Talpiyot","17-12-Talpiyot.jpg","","17-12","","Palestine, 1:20,000, 1940s","https://www.dropbox.com/sh/qos20k3m2np6a7y/AAA6_28_szwVhrcRe8CqecqDa/17-12-Talpiyot.jpg?dl=1","","35.21192097","31.67276562","35.31747622","31.76290664"
"Jerusalem","17-13-Jerusalem.jpg","","17-13","","Palestine, 1:20,000, 1940s","https://www.dropbox.com/sh/qos20k3m2np6a7y/AACZ0KfajJ8fHabK12dN0yJaa/17-13-Jerusalem.jpg?dl=1","","35.21192082","31.76295024","35.31757866","31.85308983"
"El Bira","17-14-El Bira.jpg","","17-14","","Palestine, 1:20,000, 1940s","https://www.dropbox.com/sh/qos20k3m2np6a7y/AABnW7bSvrbNxa1EzTDJn5q8a/17-14-El%20Bira.jpg?dl=1","","35.21192066","31.85313357","35.31768156","31.94327173"
"Silwad","17-15-Silwad.jpg","","17-15","","Palestine, 1:20,000, 1940s","https://www.dropbox.com/sh/qos20k3m2np6a7y/AACDmBK-Y4uBFmVb_0JJbWgGa/17-15-Silwad.jpg?dl=1","","35.21192051","31.94331563","35.31778492","32.03345235"
"Qabalan","17-16-Qabalan.jpg","","17-16","","Palestine, 1:20,000, 1940s","https://www.dropbox.com/sh/qos20k3m2np6a7y/AAANy8JVrAjOx5SXlt725TiQa/17-16-Qabalan.jpg?dl=1","","35.21192035","32.0334964","35.31788874","32.12363168"
"Awarta","17-17-Awarta.jpg","","17-17","","Palestine, 1:20,000, 1940s","https://www.dropbox.com/sh/qos20k3m2np6a7y/AAAU4EbRwh0XXK1IuXOdu6W7a/17-17-Awarta.jpg?dl=1","","35.21192019","32.12367589","35.31799303","32.21380972"
"Nablus","17-18-Nablus.jpg","","17-18","","Palestine, 1:20,000, 1940s","https://www.dropbox.com/sh/qos20k3m2np6a7y/AAA4-ZS16P2xySLo5QOnvqh1a/17-18-Nablus.jpg?dl=1","","35.21192004","32.21385409","35.31809779","32.30398648"
"Jaba","17-19-Jaba.jpg","","17-19","","Palestine, 1:20,000, 1940s","https://www.dropbox.com/sh/qos20k3m2np6a7y/AAAVmqpsnH3MmCHqyFc1KKZPa/17-19-Jaba.jpg?dl=1","","35.21191988","32.304031","35.31820302","32.39416194"
"Jenin","17-20.1942-Jenin.jpg","","17-20","","Palestine, 1:20,000, 1940s","https://www.dropbox.com/sh/qos20k3m2np6a7y/AABJMBgDJUUyHDl7u8u_OTJea/17-20.1942-Jenin.jpg?dl=1","1942","35.21191972","32.39420661","35.31830872","32.48433611"
"Jenin","17-20.45-50-Jenin.jpg","","17-20","","Palestine, 1:20,000, 1940s","https://www.dropbox.com/sh/qos20k3m2np6a7y/AABvReR_flEoYr_t5fOLhzUpa/17-20.45-50-Jenin.jpg?dl=1","1950","35.21191972","32.39420661","35.31830872","32.48433611"
"Silat El Harithiya","17-21-Silat El Harithiya.jpg","","17-21","","Palestine, 1:20,000, 1940s","https://www.dropbox.com/sh/qos20k3m2np6a7y/AADNajSLyJvx5pvLC-oS3vCla/17-21-Silat%20El%20Harithiya.jpg?dl=1","","35.21191956","32.48438094","35.31841489","32.57450899"
"Silat El Harithiya","17-21.1942-Silat El Harithiya.jpg","","17-21","","Palestine, 1:20,000, 1940s","https://www.dropbox.com/sh/qos20k3m2np6a7y/AAAclHa5UARs3BWRUlFr8zcMa/17-21.1942-Silat%20El%20Harithiya.jpg?dl=1","1942","35.21191956","32.48438094","35.31841489","32.57450899"
"Silat El Harithiya","17-21.45-49-Silat El Harithiya.jpg","","17-21","","Palestine, 1:20,000, 1940s","https://www.dropbox.com/sh/qos20k3m2np6a7y/AACnsmB0x81sPs5mpXXrE-zEa/17-21.45-49-Silat%20El%20Harithiya.jpg?dl=1","1949","35.21191956","32.48438094","35.31841489","32.57450899"
"Afula","17-22-Afula.jpg","","17-22","","Palestine, 1:20,000, 1940s","https://www.dropbox.com/sh/qos20k3m2np6a7y/AAA6j1YiXb8aGnGXKB1jl_ARa/17-22-Afula.jpg?dl=1","","35.2119194","32.57455397","35.31852153","32.66468056"
"Afula","17-22.1942-Afula.jpg","","17-22","","Palestine, 1:20,000, 1940s","https://www.dropbox.com/sh/qos20k3m2np6a7y/AADD3LExP6irJ-igYfo_y8Gsa/17-22.1942-Afula.jpg?dl=1","1942","35.2119194","32.57455397","35.31852153","32.66468056"
"Nazareth","17-23-Nazareth.jpg","","17-23","","Palestine, 1:20,000, 1940s","https://www.dropbox.com/sh/qos20k3m2np6a7y/AAAPGRW9L-E1JnqJnaKYgz5fa/17-23-Nazareth.jpg?dl=1","","35.21191923","32.6647257","35.31862866","32.75485084"
"Nazareth","17-23.1942-Nazareth.jpg","","17-23","","Palestine, 1:20,000, 1940s","https://www.dropbox.com/sh/qos20k3m2np6a7y/AAALGGGo2x1-VZ8Qe9jnJdjRa/17-23.1942-Nazareth.jpg?dl=1","1942","35.21191923","32.6647257","35.31862866","32.75485084"
"Kafr Manda","17-24-Kafr Manda.jpg","","17-24","","Palestine, 1:20,000, 1940s","https://www.dropbox.com/sh/qos20k3m2np6a7y/AAA-PD3RPePKSe9tpvYHkfata/17-24-Kafr%20Manda.jpg?dl=1","","35.21191907","32.75489613","35.31873626","32.84501982"
"Kafr Manda","17-24.1942-Kafr Manda.jpg","","17-24","","Palestine, 1:20,000, 1940s","https://www.dropbox.com/sh/qos20k3m2np6a7y/AADa7UNovpUD5FiygqEx9fLOa/17-24.1942-Kafr%20Manda.jpg?dl=1","1942","35.21191907","32.75489613","35.31873626","32.84501982"
"Kafr Manda","17-24.45-49-Kafr Manda.jpg","","17-24","","Palestine, 1:20,000, 1940s","https://www.dropbox.com/sh/qos20k3m2np6a7y/AADQsshUmWlbbmQjqr1uekfna/17-24.45-49-Kafr%20Manda.jpg?dl=1","1949","35.21191907","32.75489613","35.31873626","32.84501982"
"Majd El Kurum","17-25-Majd El Kurum.jpg","","17-25","","Palestine, 1:20,000, 1940s","https://www.dropbox.com/sh/qos20k3m2np6a7y/AABAYs2iw9HKUKoJSgwq8W5Da/17-25-Majd%20El%20Kurum.jpg?dl=1","","35.21191891","32.84506527","35.31884434","32.93518749"
"Majd El Kurum","17-25.1941-Majd El Kurum.jpg","","17-25","","Palestine, 1:20,000, 1940s","https://www.dropbox.com/sh/qos20k3m2np6a7y/AACiMHb_ltX7JugHdp2Ydtbka/17-25.1941-Majd%20El%20Kurum.jpg?dl=1","1941","35.21191891","32.84506527","35.31884434","32.93518749"
"Majd El Kurum","17-25.1944-Majd El Kurum.jpg","","17-25","","Palestine, 1:20,000, 1940s","https://www.dropbox.com/sh/qos20k3m2np6a7y/AACJQT76RMxMkZD5QSDJnW45a/17-25.1944-Majd%20El%20Kurum.jpg?dl=1","1944","35.21191891","32.84506527","35.31884434","32.93518749"
"Tarshiha","17-26-Tarshiha.jpg","","17-26","","Palestine, 1:20,000, 1940s","https://www.dropbox.com/sh/qos20k3m2np6a7y/AACC34RJkRe_VRhUgiNAgupIa/17-26-Tarshiha.jpg?dl=1","","35.21191874","32.9352331","35.31895291","33.02535386"
"Tarbikha","17-27-Tarbikha.jpg","","17-27","","Palestine, 1:20,000, 1940s","https://www.dropbox.com/sh/qos20k3m2np6a7y/AADJpIGwd-SOJpSwW8-fl3Paa/17-27-Tarbikha.jpg?dl=1","","35.21191858","33.02539963","35.31906196","33.11551893"
"Ein Et Turaba","18-11 19-11-Ein Et Turaba.jpg","","18-11","19-11","Palestine, 1:20,000, 1940s","https://www.dropbox.com/sh/qos20k3m2np6a7y/AABJeducVRWASAhPrYklttjba/18-11%2019-11-Ein%20Et%20Turaba.jpg?dl=1","","35.31727271","31.58253643","35.44391787","31.672555"
"Deir Mar Saba","18-12-Deir Mar Saba.jpg","","18-12","","Palestine, 1:20,000, 1940s","https://www.dropbox.com/sh/qos20k3m2np6a7y/AADmoHDgvAIzYSJv_UXoSdWPa/18-12-Deir%20Mar%20Saba.jpg?dl=1","","35.31737424","31.67272218","35.42303141","31.76277559"
"Wadi El Qilt","18-13-Wadi El Qilt.jpg","","18-13","","Palestine, 1:20,000, 1940s","https://www.dropbox.com/sh/qos20k3m2np6a7y/AACc5eazUYTNVCiRo_IkkXsta/18-13-Wadi%20El%20Qilt.jpg?dl=1","","35.31747622","31.76290664","35.42323645","31.85295831"
"Wadi El Makkuk","18-14-Wadi El Makkuk.jpg","","18-14","","Palestine, 1:20,000, 1940s","https://www.dropbox.com/sh/qos20k3m2np6a7y/AABFyJ4FaAasRTIbNh5bnF1aa/18-14-Wadi%20El%20Makkuk.jpg?dl=1","","35.31757866","31.85308983","35.4234424","31.94313975"
"El Mughaiyir","18-15-El Mughaiyir.jpg","","18-15","","Palestine, 1:20,000, 1940s","https://www.dropbox.com/sh/qos20k3m2np6a7y/AAB3AzcEJfHPb_1hwljon09za/18-15-El%20Mughaiyir.jpg?dl=1","","35.31768156","31.94327173","35.42364928","32.03331991"
"Qusra","18-16-Qusra.jpg","","18-16","","Palestine, 1:20,000, 1940s","https://www.dropbox.com/sh/qos20k3m2np6a7y/AAARR1Jslc20GDPKqIxFcqwna/18-16-Qusra.jpg?dl=1","","35.31778492","32.03345235","35.42385708","32.12349878"
"Aqraba","18-17-Aqraba.jpg","","18-17","","Palestine, 1:20,000, 1940s","https://www.dropbox.com/sh/qos20k3m2np6a7y/AAB4wuXHcmFWLOX3N8DK5s5ca/18-17-Aqraba.jpg?dl=1","","35.31788874","32.12363168","35.42406582","32.21367637"
"Tammun","18-18-Tammun.jpg","","18-18","","Palestine, 1:20,000, 1940s","https://www.dropbox.com/sh/qos20k3m2np6a7y/AAC3r2wLAYBuAmOLnmKIh38Sa/18-18-Tammun.jpg?dl=1","","35.31799303","32.21380972","35.42427549","32.30385266"
"Tubas","18-19-Tubas.jpg","","18-19","","Palestine, 1:20,000, 1940s","https://www.dropbox.com/sh/qos20k3m2np6a7y/AACEAOsJxw1HMtDyFebvivLGa/18-19-Tubas.jpg?dl=1","","35.31809779","32.30398648","35.4244861","32.39402766"
"Beit Qad","18-20-Beit Qad.jpg","","18-20","","Palestine, 1:20,000, 1940s","https://www.dropbox.com/sh/qos20k3m2np6a7y/AADBktEf0i4n_Z3beolZLqHXa/18-20-Beit%20Qad.jpg?dl=1","","35.31820302","32.39416194","35.42469766","32.48420136"
"Ein Harod","18-21-Ein Harod.jpg","","18-21","","Palestine, 1:20,000, 1940s","https://www.dropbox.com/sh/qos20k3m2np6a7y/AAAVMSQp2WwiCpBdJV21mG40a/18-21-Ein%20Harod.jpg?dl=1","","35.31830872","32.48433611","35.42491016","32.57437377"
"Ein Harod","18-21.1942-Ein Harod.jpg","","18-21","","Palestine, 1:20,000, 1940s","https://www.dropbox.com/sh/qos20k3m2np6a7y/AAAQTV7xCKChSqBOsaVYVzlFa/18-21.1942-Ein%20Harod.jpg?dl=1","1942","35.31830872","32.48433611","35.42491016","32.57437377"
"Indur","18-22-Indur.jpg","","18-22","","Palestine, 1:20,000, 1940s","https://www.dropbox.com/sh/qos20k3m2np6a7y/AABGERrNxw_VHbzwdGwG3eMsa/18-22-Indur.jpg?dl=1","","35.31841489","32.57450899","35.42512361","32.66454488"
"Indur","18-22.1942-Indur.jpg","","18-22","","Palestine, 1:20,000, 1940s","https://www.dropbox.com/sh/qos20k3m2np6a7y/AAD-g0I0H8NFHtT-sfbiouNna/18-22.1942-Indur.jpg?dl=1","1942","35.31841489","32.57450899","35.42512361","32.66454488"
"Mt Tabor","18-23-Mt Tabor.jpg","","18-23","","Palestine, 1:20,000, 1940s","https://www.dropbox.com/sh/qos20k3m2np6a7y/AABPl4dLfs6UfWYvcwV0KxFHa/18-23-Mt%20Tabor.jpg?dl=1","","35.31852153","32.66468056","35.42533802","32.75471469"
"Turan","18-24-Turan.jpg","","18-24","","Palestine, 1:20,000, 1940s","https://www.dropbox.com/sh/qos20k3m2np6a7y/AADmj6_QLyXghz2ykRMPOAt6a/18-24-Turan.jpg?dl=1","","35.31862866","32.75485084","35.42555339","32.8448832"
"Turan","18-24.45-49-Turan.jpg","","18-24","","Palestine, 1:20,000, 1940s","https://www.dropbox.com/sh/qos20k3m2np6a7y/AAAQmjSo7hRIMHaihulOCU3Ua/18-24.45-49-Turan.jpg?dl=1","1949","35.31862866","32.75485084","35.42555339","32.8448832"
"Maghar","18-25-Maghar.jpg","","18-25","","Palestine, 1:20,000, 1940s","https://www.dropbox.com/sh/qos20k3m2np6a7y/AACFMVLuKtoTSddSiNG2jwRPa/18-25-Maghar.jpg?dl=1","","35.31873626","32.84501982","35.42576972","32.9350504"
"Maghar","18-25.1944-Maghar.jpg","","18-25","","Palestine, 1:20,000, 1940s","https://www.dropbox.com/sh/qos20k3m2np6a7y/AADvZKKO_zrSUXQfefqV_5M-a/18-25.1944-Maghar.jpg?dl=1","1944","35.31873626","32.84501982","35.42576972","32.9350504"
"Beit Jann","18-26-Beit Jann.jpg","","18-26","","Palestine, 1:20,000, 1940s","https://www.dropbox.com/sh/qos20k3m2np6a7y/AABX4g4vyJq0XPChIWtF9NVUa/18-26-Beit%20Jann.jpg?dl=1","","35.31884434","32.93518749","35.42598701","33.0252163"
"Sasa","18-27-Sasa.jpg","","18-27","","Palestine, 1:20,000, 1940s","https://www.dropbox.com/sh/qos20k3m2np6a7y/AADLMcRV9WtkyG68RW803EC-a/18-27-Sasa.jpg?dl=1","","35.31895291","33.02535386","35.42620528","33.1153809"
"Ras Fashkha","19-12-Ras Fashkha.jpg","","19-12","","Palestine, 1:20,000, 1940s","https://www.dropbox.com/sh/qos20k3m2np6a7y/AAD_LB_8QCDB3fIKYTPJzb7fa/19-12-Ras%20Fashkha.jpg?dl=1","","35.4228273","31.67259158","35.5285862","31.76255707"
"Kallia","19-13-Kallia.jpg","","19-13","","Palestine, 1:20,000, 1940s","https://www.dropbox.com/sh/qos20k3m2np6a7y/AACWETvHeyLQUurgJNvC5Dc5a/19-13-Kallia.jpg?dl=1","","35.42303141","31.76277559","35.52889383","31.85273903"
"Kallia","19-13.1942-Kallia.jpg","","19-13","","Palestine, 1:20,000, 1940s","https://www.dropbox.com/sh/qos20k3m2np6a7y/AABo8wlktoAS2Z5iAQFPlLdza/19-13.1942-Kallia.jpg?dl=1","1942","35.42303141","31.76277559","35.52889383","31.85273903"
"Jericho","19-14-Jericho.jpg","","19-14","","Palestine, 1:20,000, 1940s","https://www.dropbox.com/sh/qos20k3m2np6a7y/AAD4f2yf5p2efXWcIweW49Qra/19-14-Jericho.jpg?dl=1","","35.42323645","31.85295831","35.52920283","31.94291971"
"Jericho","19-14.1942-Jericho.jpg","","19-14","","Palestine, 1:20,000, 1940s","https://www.dropbox.com/sh/qos20k3m2np6a7y/AAAV0aGijnK7BQMN7KoY6fYwa/19-14.1942-Jericho.jpg?dl=1","1942","35.42323645","31.85295831","35.52920283","31.94291971"
"Wedi El Mallaha","19-15-Wedi El Mallaha.jpg","","19-15","","Palestine, 1:20,000, 1940s","https://www.dropbox.com/sh/qos20k3m2np6a7y/AACRl3dWMSdVgBX1GC45pvhca/19-15-Wedi%20El%20Mallaha.jpg?dl=1","","35.4234424","31.94313975","35.52951322","32.0330991"
"Wedi El Mallaha","19-15.1942-Wedi El Mallaha.jpg","","19-15","","Palestine, 1:20,000, 1940s","https://www.dropbox.com/sh/qos20k3m2np6a7y/AAANxXicV02yB9YmmpSZW3p7a/19-15.1942-Wedi%20El%20Mallaha.jpg?dl=1","1942","35.4234424","31.94313975","35.52951322","32.0330991"
"Qarn Sartaba","19-16-Qarn Sartaba.jpg","","19-16","","Palestine, 1:20,000, 1940s","https://www.dropbox.com/sh/qos20k3m2np6a7y/AAC6aPUttJuEANJkvcWFLI3Xa/19-16-Qarn%20Sartaba.jpg?dl=1","","35.42364928","32.03331991","35.529825","32.1232772"
"Wadi El Faria","19-17-Wadi El Faria.jpg","","19-17","","Palestine, 1:20,000, 1940s","https://www.dropbox.com/sh/qos20k3m2np6a7y/AABZhCOJ3XhldcAoRuff2Mj_a/19-17-Wadi%20El%20Faria.jpg?dl=1","","35.42385708","32.12349878","35.53013818","32.21345401"
"Khirbat Es Samra","19-18-Khirbat Es Samra.jpg","","19-18","","Palestine, 1:20,000, 1940s","https://www.dropbox.com/sh/qos20k3m2np6a7y/AAA-Hwft7YJ4klKtcksn2UE4a/19-18-Khirbat%20Es%20Samra.jpg?dl=1","","35.42406582","32.21367637","35.53045277","32.30362953"
"Bardala","19-19 20-19-Bardala.jpg","","19-19","20-19","Palestine, 1:20,000, 1940s","https://www.dropbox.com/sh/qos20k3m2np6a7y/AAB5uy9C6SpQc7oyZboE90d1a/19-19%2020-19-Bardala.jpg?dl=1","","35.42427549","32.30385266","35.57328166","32.39368911"
"Es Samiriya","19-20-Es Samiriya.jpg","","19-20","","Palestine, 1:20,000, 1940s","https://www.dropbox.com/sh/qos20k3m2np6a7y/AAClXe-jB_WTisHQ7DRHrhHTa/19-20-Es%20Samiriya.jpg?dl=1","","35.4244861","32.39402766","35.53108617","32.48397669"
"Es Samiriya","19-20.1942-Es Samiriya.jpg","","19-20","","Palestine, 1:20,000, 1940s","https://www.dropbox.com/sh/qos20k3m2np6a7y/AAD2BIer_3KnhvpLd4e31VSra/19-20.1942-Es%20Samiriya.jpg?dl=1","1942","35.4244861","32.39402766","35.53108617","32.48397669"
"Es Samiriya","19-20.1943-Es Samiriya.jpg","","19-20","","Palestine, 1:20,000, 1940s","https://www.dropbox.com/sh/qos20k3m2np6a7y/AAC5vIXhVOvl0H6hN8QvC5Ova/19-20.1943-Es%20Samiriya.jpg?dl=1","1943","35.4244861","32.39402766","35.53108617","32.48397669"
"Beisan","19-21-Beisan.jpg","","19-21","","Palestine, 1:20,000, 1940s","https://www.dropbox.com/sh/qos20k3m2np6a7y/AABHSGAVlyXRKnZ034uM4zu9a/19-21-Beisan.jpg?dl=1","","35.42469766","32.48420136","35.531405","32.57414832"
"Beisan","19-21.1942-Beisan.jpg","","19-21","","Palestine, 1:20,000, 1940s","https://www.dropbox.com/sh/qos20k3m2np6a7y/AACxBS00V9Q4kgO76NyiFV2Fa/19-21.1942-Beisan.jpg?dl=1","1942","35.42469766","32.48420136","35.531405","32.57414832"
"Beisan","19-21.43-49-Beisan.jpg","","19-21","","Palestine, 1:20,000, 1940s","https://www.dropbox.com/sh/qos20k3m2np6a7y/AAAumYvn2VAVAkAZRslfstYXa/19-21.43-49-Beisan.jpg?dl=1","1949","35.42469766","32.48420136","35.531405","32.57414832"
"Sirin","19-22-Sirin.jpg","","19-22","","Palestine, 1:20,000, 1940s","https://www.dropbox.com/sh/qos20k3m2np6a7y/AAAE4GZ0NcUtEfn_AQx9dRIla/19-22-Sirin.jpg?dl=1","","35.42491016","32.57437377","35.53172525","32.66431865"
"Sirin","19-22.1943-Sirin.jpg","","19-22","","Palestine, 1:20,000, 1940s","https://www.dropbox.com/sh/qos20k3m2np6a7y/AACV985byWn77tRrcnoyzmy4a/19-22.1943-Sirin.jpg?dl=1","1943","35.42491016","32.57437377","35.53172525","32.66431865"
"Kafr Kama","19-23-Kafr Kama.jpg","","19-23","","Palestine, 1:20,000, 1940s","https://www.dropbox.com/sh/qos20k3m2np6a7y/AACCulQuHMQifwflrlQZI451a/19-23-Kafr%20Kama.jpg?dl=1","","35.42512361","32.66454488","35.53204694","32.75448768"
"Kafr Kama","19-23.1942-Kafr Kama.jpg","","19-23","","Palestine, 1:20,000, 1940s","https://www.dropbox.com/sh/qos20k3m2np6a7y/AAAu4D396iEPhke--5aw3LQ6a/19-23.1942-Kafr%20Kama.jpg?dl=1","1942","35.42512361","32.66454488","35.53204694","32.75448768"
"Tiberias","19-24 20-24-Tiberias.jpg","","19-24","20-24","Palestine, 1:20,000, 1940s","https://www.dropbox.com/sh/qos20k3m2np6a7y/AACyEXuIbkljd1Ud1XQEDGwba/19-24%2020-24-Tiberias.jpg?dl=1","","35.42533802","32.75471469","35.56441496","32.84456929"
"Tiberias","19-24 20-24.1949-Tiberias.jpg","","19-24","20-24","Palestine, 1:20,000, 1940s","https://www.dropbox.com/sh/qos20k3m2np6a7y/AABKdeIOUJuoyrom3rNslmiza/19-24%2020-24.1949-Tiberias.jpg?dl=1","1949","35.42533802","32.75471469","35.56441496","32.84456929"
"Esh Shuna","19-25-Esh Shuna.jpg","","19-25","","Palestine, 1:20,000, 1940s","https://www.dropbox.com/sh/qos20k3m2np6a7y/AADAzVrG7Caz_4x8jjtex2Sda/19-25-Esh%20Shuna.jpg?dl=1","","35.42555339","32.8448832","35.53269464","32.93482183"
"Safad","19-26-Safad.jpg","","19-26","","Palestine, 1:20,000, 1940s","https://www.dropbox.com/sh/qos20k3m2np6a7y/AADXiJFKPp8sXG3ZdGK5nV4ga/19-26-Safad.jpg?dl=1","","35.42576972","32.9350504","35.53302066","33.02498694"
"Safad","19-26.45-52-Safad.jpg","","19-26","","Palestine, 1:20,000, 1940s","https://www.dropbox.com/sh/qos20k3m2np6a7y/AABh2SwYrZViCS4JhVTyplT5a/19-26.45-52-Safad.jpg?dl=1","1942","35.42576972","32.9350504","35.53302066","33.02498694"
"Alma","19-27-Alma.jpg","","19-27","","Palestine, 1:20,000, 1940s","https://www.dropbox.com/sh/qos20k3m2np6a7y/AAA3VqaLO67WfUF-7ruHnVwFa/19-27-Alma.jpg?dl=1","","35.42598701","33.0252163","35.53334814","33.11515075"
"Alma","19-27.45-48-Alma.jpg","","19-27","","Palestine, 1:20,000, 1940s","https://www.dropbox.com/sh/qos20k3m2np6a7y/AAA8ZMP0pE57RYDzV8luGGVIa/19-27.45-48-Alma.jpg?dl=1","1948","35.42598701","33.0252163","35.53334814","33.11515075"
"Sweime","20-13-Sweime.jpg","","20-13","","Palestine, 1:20,000, 1940s","https://www.dropbox.com/sh/qos20k3m2np6a7y/AAAYYgrSVZQ22yN7adcTwo3Ma/20-13-Sweime.jpg?dl=1","","35.5285862","31.76255707","35.6345506","31.85243199"
"Esh Shune","20-14-Esh Shune.jpg","","20-14","","Palestine, 1:20,000, 1940s","https://www.dropbox.com/sh/qos20k3m2np6a7y/AAA-Jte62hUzWXPdlV39PAbIa/20-14-Esh%20Shune.jpg?dl=1","","35.52889383","31.85273903","35.63496265","31.9426116"
"Kebed","20-15-Kebed.jpg","","20-15","","Palestine, 1:20,000, 1940s","https://www.dropbox.com/sh/qos20k3m2np6a7y/AAD8QMKDTXQR9YdMDX2NBK_7a/20-15-Kebed.jpg?dl=1","","35.52920283","31.94291971","35.63537655","32.03278991"
"Sheqaq","20-16-Sheqaq.jpg","","20-16","","Palestine, 1:20,000, 1940s","https://www.dropbox.com/sh/qos20k3m2np6a7y/AACd5BMuP43zCXJe98P7l9e4a/20-16-Sheqaq.jpg?dl=1","","35.52951322","32.0330991","35.6357923","32.12296694"
"Qbeide","20-17-Qbeide.jpg","","20-17","","Palestine, 1:20,000, 1940s","https://www.dropbox.com/sh/qos20k3m2np6a7y/AACqLLIMwxB3Myg0EKAuwyr_a/20-17-Qbeide.jpg?dl=1","","35.529825","32.1232772","35.63620992","32.21314267"
"Kereime","20-18-Kereime.jpg","","20-18","","Palestine, 1:20,000, 1940s","https://www.dropbox.com/sh/qos20k3m2np6a7y/AABf07eZcNvRPtIGw20O7odKa/20-18-Kereime.jpg?dl=1","","35.53013818","32.21345401","35.63662941","32.30331711"
"Bardala","20-19-Bardala.jpg","","20-19","","Palestine, 1:20,000, 1940s","https://www.dropbox.com/sh/qos20k3m2np6a7y/AABf7TTH68i6PY_9WGvtZJQDa/20-19-Bardala.jpg?dl=1","","35.53076876","32.39380376","35.63747404","32.48366209"
"Es Safa","20-20-Es Safa.jpg","","20-20","","Palestine, 1:20,000, 1940s","https://www.dropbox.com/sh/qos20k3m2np6a7y/AACbpKnv8KVYopmsQ7sM8XQia/20-20-Es%20Safa.jpg?dl=1","","35.53076876","32.39380376","35.63747404","32.48366209"
"Es Safa","20-20.1943-Es Safa.jpg","","20-20","","Palestine, 1:20,000, 1940s","https://www.dropbox.com/sh/qos20k3m2np6a7y/AAAHISAy9qHmV67EEE491E11a/20-20.1943-Es%20Safa.jpg?dl=1","1943","35.53076876","32.39380376","35.63747404","32.48366209"
"Es Safa","20-20.42-48-Es Safa.jpg","","20-20","","Palestine, 1:20,000, 1940s","https://www.dropbox.com/sh/qos20k3m2np6a7y/AAA9-t2ww3E-JbJl_Uvu5lTYa/20-20.42-48-Es%20Safa.jpg?dl=1","1948","35.53076876","32.39380376","35.63747404","32.48366209"
"Jisr Esh Sh Husein","20-21-Jisr Esh Sh Husein.jpg","","20-21","","Palestine, 1:20,000, 1940s","https://www.dropbox.com/sh/qos20k3m2np6a7y/AAAoRssvpmmetameZGKDpcWPa/20-21-Jisr%20Esh%20Sh%20Husein.jpg?dl=1","","35.53108617","32.48397669","35.63789919","32.57383264"
"Jisr Esh Sh Husein","20-21.1942-Jisr Esh Sh Husein.jpg","","20-21","","Palestine, 1:20,000, 1940s","https://www.dropbox.com/sh/qos20k3m2np6a7y/AAAqNEposl6gy9Xa2WKbTQWSa/20-21.1942-Jisr%20Esh%20Sh%20Husein.jpg?dl=1","1942","35.53108617","32.48397669","35.63789919","32.57383264"
"Jisr Esh Sh Husein","20-21.42-48-Jisr Esh Sh Husein.jpg","","20-21","","Palestine, 1:20,000, 1940s","https://www.dropbox.com/sh/qos20k3m2np6a7y/AAA9IrflT6gPift-eXJ-rBcPa/20-21.42-48-Jisr%20Esh%20Sh%20Husein.jpg?dl=1","1948","35.53108617","32.48397669","35.63789919","32.57383264"
"Jisr El Majami","20-22-Jisr El Majami.jpg","","20-22","","Palestine, 1:20,000, 1940s","https://www.dropbox.com/sh/qos20k3m2np6a7y/AADSUj1lckMrd1svJht04CsTa/20-22-Jisr%20El%20Majami.jpg?dl=1","","35.531405","32.57414832","35.63832625","32.66400188"
"Jisr El Majami","20-22.1942-Jisr El Majami.jpg","","20-22","","Palestine, 1:20,000, 1940s","https://www.dropbox.com/sh/qos20k3m2np6a7y/AAASuS9Ibbcq9-3FqInRdlw-a/20-22.1942-Jisr%20El%20Majami.jpg?dl=1","1942","35.531405","32.57414832","35.63832625","32.66400188"
"Samakh","20-23 21-23-Samakh.jpg","","20-23","21-23","Palestine, 1:20,000, 1940s","https://www.dropbox.com/sh/qos20k3m2np6a7y/AABwewCC6BI0vI9hj7VE9prna/20-23%2021-23-Samakh.jpg?dl=1","","35.53172525","32.66431865","35.63875521","32.75416981"
"Samakh","20-23-Samakh.jpg","","20-23","","Palestine, 1:20,000, 1940s","https://www.dropbox.com/sh/qos20k3m2np6a7y/AADBT9n7LZ1po7xYfjjQA9kza/20-23-Samakh.jpg?dl=1","","35.53172525","32.66431865","35.63875521","32.75416981"
"Ein Gev","20-24 21-24-Ein Gev.jpg","","20-24","21-24","Palestine, 1:20,000, 1940s","https://www.dropbox.com/sh/qos20k3m2np6a7y/AACBxFRS53BeFkzSJL6B4wdDa/20-24%2021-24-Ein%20Gev.jpg?dl=1","","35.5640595","32.75440186","35.67123074","32.84422298"
"Et Tabigha","20-25 21-25-Et Tabigha.jpg","","20-25","21-25","Palestine, 1:20,000, 1940s","https://www.dropbox.com/sh/qos20k3m2np6a7y/AABLtAxs91NCi11a0jA5O4Iaa/20-25%2021-25-Et%20Tabigha.jpg?dl=1","","35.53237007","32.84465541","35.66100365","32.93442678"
"Rosh Pinna","20-26-Rosh Pinna.jpg","","20-26","","Palestine, 1:20,000, 1940s","https://www.dropbox.com/sh/qos20k3m2np6a7y/AAA4MK9CRMNYaot332oIDc6Ta/20-26-Rosh%20Pinna.jpg?dl=1","","35.53269464","32.93482183","35.64005364","33.02466579"
"Lake Hula","20-27 21-27-Lake Hula.jpg","","20-27","21-27","Palestine, 1:20,000, 1940s","https://www.dropbox.com/sh/qos20k3m2np6a7y/AABf7_f7NfRxmhV-G9T6F3-aa/20-27%2021-27-Lake%20Hula.jpg?dl=1","","35.53302066","33.02498694","35.6512045","33.1147912"
"Lake Hula","20-27 21-27.45-52-Lake Hula.jpg","","20-27","21-27","Palestine, 1:20,000, 1940s","https://www.dropbox.com/sh/qos20k3m2np6a7y/AADMArejiH9KyMEO6b8p_4VNa/20-27%2021-27.45-52-Lake%20Hula.jpg?dl=1","1952","35.53302066","33.02498694","35.6512045","33.1147912"
"Lake Hula","20-27-Lake Hula.jpg","","20-27","","Palestine, 1:20,000, 1940s","https://www.dropbox.com/sh/qos20k3m2np6a7y/AAAGGuo2IiILu5ju_IUdZjR4a/20-27-Lake%20Hula.jpg?dl=1","","35.53302066","33.02498694","35.6512045","33.1147912"
"Es Salihiya","20-28 21-28-Es Salihiya.jpg","","20-28","21-28","Palestine, 1:20,000, 1940s","https://www.dropbox.com/sh/qos20k3m2np6a7y/AAAoV53bKmECal5j6yZpEOhla/20-28%2021-28-Es%20Salihiya.jpg?dl=1","","35.52263388","33.11517791","35.68382947","33.20483466"
"Es Salihiya","20-28-Es Salihiya.jpg","","20-28","","Palestine, 1:20,000, 1940s","https://www.dropbox.com/sh/qos20k3m2np6a7y/AAANcuE9nqtl8YD3MJb1oOAra/20-28-Es%20Salihiya.jpg?dl=1","","35.52263388","33.11517791","35.68382947","33.20483466"
"Metulla","20-29 21-29-Metulla.jpg","","20-29","21-29","Palestine, 1:20,000, 1940s","https://www.dropbox.com/sh/qos20k3m2np6a7y/AACqne-wgiQqDAHFc6Ag5_Zra/20-29%2021-29-Metulla.jpg?dl=1","","35.53367708","33.20531325","35.68431414","33.29499421"
"Metulla","20-29 21-29.45-49-Metulla.jpg","","20-29","21-29","Palestine, 1:20,000, 1940s","https://www.dropbox.com/sh/qos20k3m2np6a7y/AAD6LDeP8eOAUvD77q5jDU9xa/20-29%2021-29.45-49-Metulla.jpg?dl=1","1949","35.53367708","33.20531325","35.68431414","33.29499421"
"Metulla","20-29-Metulla.jpg","","20-29","","Palestine, 1:20,000, 1940s","https://www.dropbox.com/sh/qos20k3m2np6a7y/AADdzzsY8qyerracXJzBU-Yka/20-29-Metulla.jpg?dl=1","","35.53367708","33.20531325","35.68431414","33.29499421"
"Taibe","21-21-Taibe.jpg","","21-21","","Palestine, 1:20,000, 1940s","https://www.dropbox.com/sh/qos20k3m2np6a7y/AAAkSxbDClngvz1UQiktTYyDa/21-21-Taibe.jpg?dl=1","","35.63747404","32.48366209","35.74439253","32.57342672"
"Um Qeis","21-22-Um Qeis.jpg","","21-22","","Palestine, 1:20,000, 1940s","https://www.dropbox.com/sh/qos20k3m2np6a7y/AADLF0ZFU6PALnwhR2gMvAkAa/21-22-Um%20Qeis.jpg?dl=1","","35.63789919","32.57383264","35.74492637","32.66359456"
"El Hamme","21-23-El Hamme.jpg","","21-23","","Palestine, 1:20,000, 1940s","https://www.dropbox.com/sh/qos20k3m2np6a7y/AAB9w9szfhXkjZeArfXvEjfva/21-23-El%20Hamme.jpg?dl=1","","35.63832625","32.66400188","35.7454626","32.75376109"
"El Hamme","21-23.1951-El Hamme.jpg","","21-23","","Palestine, 1:20,000, 1940s","https://www.dropbox.com/sh/qos20k3m2np6a7y/AADRbdOrifzDeiR2RmxIGHsAa/21-23.1951-El%20Hamme.jpg?dl=1","1951","35.63832625","32.66400188","35.7454626","32.75376109"
"Fiq","21-24-Fiq.jpg","","21-24","","Palestine, 1:20,000, 1940s","https://www.dropbox.com/sh/qos20k3m2np6a7y/AADN9zgb9scBdg8jJwXAiRU9a/21-24-Fiq.jpg?dl=1","","35.63875521","32.75416981","35.74600123","32.84392632"
"Cheikh Aali","21-25-Cheikh Aali.jpg","","21-25","","Palestine, 1:20,000, 1940s","https://www.dropbox.com/sh/qos20k3m2np6a7y/AAD3oTGu-42aPZ5aoJRPjLZMa/21-25-Cheikh%20Aali.jpg?dl=1","","35.63918609","32.84433645","35.74654227","32.93409023"
"Dei Srass","21-27-Dei Srass.jpg","","21-27","","Palestine, 1:20,000, 1940s","https://www.dropbox.com/sh/qos20k3m2np6a7y/AAAZ6st8QPJBLzGO60kob3oPa/21-27-Dei%20Srass.jpg?dl=1","","35.64005364","33.02466579","35.74763161","33.11441413"
"Metulla","100k-56-01-Metulla.jpg","","01","","Palestine, 1:100,000, 1940s/50s","https://www.dropbox.com/sh/kmtqcjk1x2yjs4t/AABkca7funU55l_94ohWz4gRa/100k-56-01-Metulla.jpg?dl=1","1956","35.10477486","33.11551865","35.69618238","33.4993755"
"Haifa","100k-58-02-Haifa.jpg","","02","","Palestine, 1:100,000, 1940s/50s","https://www.dropbox.com/sh/kmtqcjk1x2yjs4t/AABiwoqeikw3lMckegIofopja/100k-58-02-Haifa.jpg?dl=1","1958","34.78508284","32.75416871","35.21191842","33.11556485"
"Safad","100k-58-03-Safad.jpg","","03","","Palestine, 1:100,000, 1940s/50s","https://www.dropbox.com/sh/kmtqcjk1x2yjs4t/AABk_izpH5M-u0_8sA3DU_OUa/100k-58-03-Safad.jpg?dl=1","1958","35.21191907","32.75489613","35.6940611","33.11463282"
"Zikhron","100k-58-04-Zikhron.jpg","","04","","Palestine, 1:100,000, 1940s/50s","https://www.dropbox.com/sh/kmtqcjk1x2yjs4t/AADsryz0F5WX44pOaUW5S_Fba/100k-58-04-Zikhron.jpg?dl=1","1958","34.78678856","32.39348916","35.21191907","32.75489613"
"Nazareth","100k-58-05-Nazareth.jpg","","05","","Palestine, 1:100,000, 1940s/50s","https://www.dropbox.com/sh/kmtqcjk1x2yjs4t/AADiLjNUOBspYXpo68PHnXoOa/100k-58-05-Nazareth.jpg?dl=1","1958","35.21191972","32.39420661","35.69210903","32.75397681"
"Jaffa","100k-58-06-Jaffa.jpg","","06","","Palestine, 1:100,000, 1940s/50s","https://www.dropbox.com/sh/kmtqcjk1x2yjs4t/AABqhc80birkzFXH0jwcNotJa/100k-58-06-Jaffa.jpg?dl=1","1958","34.73553266","32.03260097","35.21191972","32.39420661"
"Nablus","100k-56-07-Nablus.jpg","","07","","Palestine, 1:100,000, 1940s/50s","https://www.dropbox.com/sh/kmtqcjk1x2yjs4t/AAD4NAVDmsATsMHDT5e2WfXTa/100k-56-07-Nablus.jpg?dl=1","1956","35.21192035","32.0334964","35.63705078","32.39349025"
"Yibna","100k-58-08-Yibna.jpg","","08","","Palestine, 1:100,000, 1940s/50s","https://www.dropbox.com/sh/kmtqcjk1x2yjs4t/AAAzl8odzjc4yaGu3wlNl3KMa/100k-58-08-Yibna.jpg?dl=1","1958","34.3683112","31.66997576","34.78846406","32.03278884"
"Ramle","100k-58-09-Ramle.jpg","","09","","Palestine, 1:100,000, 1940s/50s","https://www.dropbox.com/sh/kmtqcjk1x2yjs4t/AAAKPN-DMJ5FQ1275VcGxdxFa/100k-58-09-Ramle.jpg?dl=1","1958","34.79010983","31.67206788","35.21192035","32.0334964"
"Jerusalem","100k-56-10-Jerusalem.jpg","","10","","Palestine, 1:100,000, 1940s/50s","https://www.dropbox.com/sh/kmtqcjk1x2yjs4t/AABWSu7uLalfTRF3sgmrAdTCa/100k-56-10-Jerusalem.jpg?dl=1","1956","35.21192097","31.67276562","35.63537655","32.03278991"
"Gaza","100k-59-11-Gaza.jpg","","11","","Palestine, 1:100,000, 1940s/50s","https://www.dropbox.com/sh/kmtqcjk1x2yjs4t/AAApwOJYx7ucq47TLXZnwQQNa/100k-59-11-Gaza.jpg?dl=1","1959","34.21398017","31.30813546","34.68465851","31.67167556"
"Hebron","100k-58-12-Hebron.jpg","","12","","Palestine, 1:100,000, 1940s/50s","https://www.dropbox.com/sh/kmtqcjk1x2yjs4t/AAB89clMAfRmnVQgjTPHzK35a/100k-58-12-Hebron.jpg?dl=1","1958","34.68667895","31.31093956","35.15919433","31.67275466"
"Dead Sea","100k-58-13-Dead Sea.jpg","","13","","Palestine, 1:100,000, 1940s/50s","https://www.dropbox.com/sh/kmtqcjk1x2yjs4t/AABCwRdkOpmNuKPFuMHX8qwva/100k-58-13-Dead%20Sea.jpg?dl=1","1958","35.15939693","31.31200359","35.63373202","31.67206893"
"Rafah","100k-58-14-Rafah.jpg","","14","","Palestine, 1:100,000, 1940s/50s","https://www.dropbox.com/sh/kmtqcjk1x2yjs4t/AAB7uLQN5qDkJkM9zZxVadlRa/100k-58-14-Rafah.jpg?dl=1","1958","34.21774947","30.94741843","34.68667895","31.31093956"
"Beersheba","100k-58-15-Beersheba.jpg","","15","","Palestine, 1:100,000, 1940s/50s","https://www.dropbox.com/sh/kmtqcjk1x2yjs4t/AAD5IYd84uZrEYSk-blL5Jwta/100k-58-15-Beersheba.jpg?dl=1","1958","34.68866341","30.95018312","35.15939693","31.31200359"
"Jebel Usdum","100k-58-16-Jebel Usdum.jpg","","16","","Palestine, 1:100,000, 1940s/50s","https://www.dropbox.com/sh/kmtqcjk1x2yjs4t/AAAKfpUkrMfML_3IcmztqNqla/100k-58-16-Jebel%20Usdum.jpg?dl=1","1958","35.15959593","30.9512322","35.63211673","31.31132743"
"Sheet 1","250k-46-Palestine-01.jpg","","01","","Palestine, 1:250,000, 1946","https://www.dropbox.com/s/1kq4svksyby0erb/250k-46-Palestine-01.jpg?dl=1","1946","34.25916339","32.02991599","35.7487307","33.29473275"
"Sheet 2","250k-46-Palestine-02.jpg","","02","","Palestine, 1:100,000, 1940s/50s","https://www.dropbox.com/s/bdxszqss4ozkqpv/250k-46-Palestine-02.jpg?dl=1","1946","34.2700718","30.94781033","35.74175878","32.12256799"
"Sheet 3","250k-46-Palestine-03.jpg","","03","","Palestine, 1:250,000, 1946","https://www.dropbox.com/s/z2oc3249byf3uwt/250k-46-Palestine-03.jpg?dl=1","1946","34.28372807","29.50471589","35.73518082","30.9501844"
"Sheet 1","250k-51-Israel-01.jpg","","04","","Israel, 1:250,000, 1951","https://www.dropbox.com/s/is01j5r3ovbcm9f/250k-51-Israel-01.jpg?dl=1","1951","34.25916339","32.02991599","35.96344935","33.29362012"
"Sheet 2","250k-51-Israel-02.jpg","","05","","Israel, 1:250,000, 1951","https://www.dropbox.com/s/jajor1lf9tckj79/250k-51-Israel-02.jpg?dl=1","1951","34.27183334","30.76744131","35.95296081","32.03133211"
"Sheet 3","250k-51-Israel-03.jpg","","06","","Israel, 1:250,000, 1951","https://www.dropbox.com/s/pybvxqhrfyisk8d/250k-51-Israel-03.jpg?dl=1","1951","34.28372807","29.50471589","35.94310939","30.76878931"
"Sheet 1","pal63k-1880-01.jpg","","1","","Western Palestine, 1:63,000, 1870s","https://www.dropbox.com/sh/eks4f2vznd9mwbc/AACNWOLiZGtpcI8b1Ya3nWGka/pal63k-1880-01.jpg?dl=0","1877","34.933333","33.166667","35.3","33.416667"
"Sheet 2","pal63k-1880-02.jpg","","2","","Western Palestine, 1:63,000, 1870s","https://www.dropbox.com/sh/eks4f2vznd9mwbc/AAAt01ccKN0nrt2fMyRRUUMVa/pal63k-1880-02.jpg?dl=0","1877","35.3","33.166667","35.666667","33.416667"
"Sheet 3","pal63k-1880-03.jpg","","3","","Western Palestine, 1:63,000, 1870s","https://www.dropbox.com/sh/eks4f2vznd9mwbc/AAAl60O8i5CXdHTb7lTm_p2Pa/pal63k-1880-03.jpg?dl=0","1877","34.933333","32.916667","35.3","33.166667"
"Sheet 4","pal63k-1880-04.jpg","","4","","Western Palestine, 1:63,000, 1870s","https://www.dropbox.com/sh/eks4f2vznd9mwbc/AAD3jGwR0DXEI-4zNiU1Lkmka/pal63k-1880-04.jpg?dl=0","1877","35.3","32.916667","35.666667","33.166667"
"Sheet 5","pal63k-1880-05.jpg","","5","","Western Palestine, 1:63,000, 1870s","https://www.dropbox.com/sh/eks4f2vznd9mwbc/AACWZtdwO8xBK4kEUxYQg33va/pal63k-1880-05.jpg?dl=0","1877","34.933333","32.666667","35.3","32.916667"
"Sheet 6","pal63k-1880-06.jpg","","6","","Western Palestine, 1:63,000, 1870s","https://www.dropbox.com/sh/eks4f2vznd9mwbc/AACyGWrRh5mGcZwlnCVG-PPka/pal63k-1880-06.jpg?dl=0","1877","35.3","32.666667","35.666667","32.916667"
"Sheet 7","pal63k-1880-07.jpg","","7","","Western Palestine, 1:63,000, 1870s","https://www.dropbox.com/sh/eks4f2vznd9mwbc/AADTHACsnWvSLqE7V-m9-Jm6a/pal63k-1880-07.jpg?dl=0","1877","34.566667","32.416667","34.933333","32.666667"
"Sheet 8","pal63k-1880-08.jpg","","8","","Western Palestine, 1:63,000, 1870s","https://www.dropbox.com/sh/eks4f2vznd9mwbc/AAA_8KnqiQs_xwN7EXyJt8fGa/pal63k-1880-08.jpg?dl=0","1877","34.933333","32.416667","35.3","32.666667"
"Sheet 9","pal63k-1880-09.jpg","","9","","Western Palestine, 1:63,000, 1870s","https://www.dropbox.com/sh/eks4f2vznd9mwbc/AAD3ydjoBz9PIUMw3hTlmZeya/pal63k-1880-09.jpg?dl=0","1877","35.3","32.416667","35.666667","32.666667"
"Sheet 10","pal63k-1880-10.jpg","","10","","Western Palestine, 1:63,000, 1870s","https://www.dropbox.com/sh/eks4f2vznd9mwbc/AABL9oJGXFeFzLk1OMaJ-C54a/pal63k-1880-10.jpg?dl=0","1877","34.566667","32.166667","34.933333","32.416667"
"Sheet 11","pal63k-1880-11.jpg","","11","","Western Palestine, 1:63,000, 1870s","https://www.dropbox.com/sh/eks4f2vznd9mwbc/AADOhFlRmzLpUzzwR3x2qkfta/pal63k-1880-11.jpg?dl=0","1877","34.933333","32.166667","35.3","32.416667"
"Sheet 12","pal63k-1880-12.jpg","","12","","Western Palestine, 1:63,000, 1870s","https://www.dropbox.com/sh/eks4f2vznd9mwbc/AAC4FUHJAS2ShqyRiTRc-fAZa/pal63k-1880-12.jpg?dl=0","1877","35.3","32.166667","35.666667","32.416667"
"Sheet 13","pal63k-1880-13.jpg","","13","","Western Palestine, 1:63,000, 1870s","https://www.dropbox.com/sh/eks4f2vznd9mwbc/AAAYcFPBbMY3-Ap37G1IgC3Ta/pal63k-1880-13.jpg?dl=0","1877","34.566667","31.916667","34.933333","32.166667"
"Sheet 14","pal63k-1880-14.jpg","","14","","Western Palestine, 1:63,000, 1870s","https://www.dropbox.com/sh/eks4f2vznd9mwbc/AADWDYisiPHXNhCLNc82FrhRa/pal63k-1880-14.jpg?dl=0","1877","34.933333","31.916667","35.3","32.166667"
"Sheet 15","pal63k-1880-15.jpg","","15","","Western Palestine, 1:63,000, 1870s","https://www.dropbox.com/sh/eks4f2vznd9mwbc/AADOwfvCYKDtvAdiAUyuio3Ha/pal63k-1880-15.jpg?dl=0","1877","35.3","31.916667","35.666667","32.166667"
"Sheet 16","pal63k-1880-16.jpg","","16","","Western Palestine, 1:63,000, 1870s","https://www.dropbox.com/sh/eks4f2vznd9mwbc/AADqmmsaDQK_iIv9aEysfWiZa/pal63k-1880-16.jpg?dl=0","1877","34.566667","31.666667","34.933333","31.916667"
"Sheet 17","pal63k-1880-17.jpg","","17","","Western Palestine, 1:63,000, 1870s","https://www.dropbox.com/sh/eks4f2vznd9mwbc/AAALL2VF_-PC0UR17HSDnmtQa/pal63k-1880-17.jpg?dl=0","1877","34.933333","31.666667","35.3","31.916667"
"Sheet 18","pal63k-1880-18.jpg","","18","","Western Palestine, 1:63,000, 1870s","https://www.dropbox.com/sh/eks4f2vznd9mwbc/AAA1XA2WsyJMCyE4oVPM3n8Aa/pal63k-1880-18.jpg?dl=0","1877","35.3","31.666667","35.666667","31.916667"
"Sheet 19","pal63k-1880-19.jpg","","19","","Western Palestine, 1:63,000, 1870s","https://www.dropbox.com/sh/eks4f2vznd9mwbc/AACi0swa2grfzXREK7vBBO_ra/pal63k-1880-19.jpg?dl=0","1877","34.2","31.416667","34.566667","31.666667"
"Sheet 20","pal63k-1880-20.jpg","","20","","Western Palestine, 1:63,000, 1870s","https://www.dropbox.com/sh/eks4f2vznd9mwbc/AAAnx67D-fLaWXCOK0GcDqUPa/pal63k-1880-20.jpg?dl=0","1877","34.566667","31.416667","34.933333","31.666667"
"Sheet 21","pal63k-1880-21.jpg","","21","","Western Palestine, 1:63,000, 1870s","https://www.dropbox.com/sh/eks4f2vznd9mwbc/AABwnNJXoUQiD93-PrVj4KOga/pal63k-1880-21.jpg?dl=0","1877","34.933333","31.416667","35.3","31.666667"
"Sheet 22","pal63k-1880-22.jpg","","22","","Western Palestine, 1:63,000, 1870s","https://www.dropbox.com/sh/eks4f2vznd9mwbc/AADnKLc3BeQ9Aw7WieKP_fICa/pal63k-1880-22.jpg?dl=0","1877","35.3","31.416667","35.666667","31.666667"
"Sheet 23","pal63k-1880-23.jpg","","23","","Western Palestine, 1:63,000, 1870s","https://www.dropbox.com/sh/eks4f2vznd9mwbc/AABTUG2DohFi2zwkGKEvRNIua/pal63k-1880-23.jpg?dl=0","1877","34.2","31.166667","34.566667","31.416667"
"Sheet 24","pal63k-1880-24.jpg","","24","","Western Palestine, 1:63,000, 1870s","https://www.dropbox.com/sh/eks4f2vznd9mwbc/AAB2ovmicPiYSiA3g8v7WUh1a/pal63k-1880-24.jpg?dl=0","1877","34.566667","31.166667","34.933333","31.416667"
"Sheet 25","pal63k-1880-25.jpg","","25","","Western Palestine, 1:63,000, 1870s","https://www.dropbox.com/sh/eks4f2vznd9mwbc/AABdPrl_foExF9seGIEublW0a/pal63k-1880-25.jpg?dl=0","1877","34.933333","31.166667","35.3","31.416667"
"Sheet 26","pal63k-1880-26.jpg","","26","","Western Palestine, 1:63,000, 1870s","https://www.dropbox.com/sh/eks4f2vznd9mwbc/AAC8D9qZJZtOHZvsPeEomA_Ja/pal63k-1880-26.jpg?dl=0","1877","35.3","31.166667","35.666667","31.416667"